oldRelativePath,topDirectory,extension,bytes,domain,contentType,primaryLeetcodeId,referencedLeetcodeIds,problemTitle,currentOverlap,targetLayer,disposition,priority,reason,duplicateRole,duplicateCluster,duplicateCount
.trae/rules/project_rules.md,.trae,md,6619,仓库元数据,仓库生成文件,,[],,false,整理工作区归档,忽略,P4-忽略,属于旧仓库元数据、生成文件、版本副本或临时内容，不进入 Obsidian 知识库。,generated,主题:projectrules,2
BPlusTree.java,BPlusTree.java,java,9932,算法其他,旧版Java实现,,[],,false,待人工定位,仅作素材,P3-素材,与当前规范存在职责重叠或质量不稳定，保留为检索素材，不直接进入稳定层。,candidate,主题:bplustree,1
QA/QA_0923.md,QA,md,1695,历史问答,其他资料,,[],,false,待人工定位,仅作素材,P3-素材,与当前规范存在职责重叠或质量不稳定，保留为检索素材，不直接进入稳定层。,candidate,主题:qa0923,1
QA/导航.md,QA,md,59,历史问答,导航索引,,[],,false,待人工定位,归档,P4-归档,仅承担旧库导航或批量索引职责，稳定导航应由当前库 README、学习看板自动替代。,candidate,主题:历史问答:QA:导航,1
README.en.md,README.en.md,md,6709,算法其他,导航索引,,"[496, 739, 1249]",,false,待人工定位,归档,P4-归档,仅承担旧库导航或批量索引职责，稳定导航应由当前库 README、学习看板自动替代。,candidate,主题:算法其他:README.en.md:readmeen,1
README.md,README.md,md,5076,算法其他,导航索引,,"[496, 739, 1249]",,false,待人工定位,归档,P4-归档,仅承担旧库导航或批量索引职责，稳定导航应由当前库 README、学习看板自动替代。,candidate,主题:算法其他:README.md:readme,1
_coverpage.md,_coverpage.md,md,136,算法其他,仓库生成文件,,[],,false,待人工定位,仅作素材,P3-素材,与当前规范存在职责重叠或质量不稳定，保留为检索素材，不直接进入稳定层。,generated,主题:coverpage,1
_sidebar.md,_sidebar.md,md,80485,算法其他,仓库生成文件,,"[1, 2, 3, 4, 5, 10, 11, 15, 17, 19, 20, 21, 22, 23, 31, 32, 33, 34, 39, 42, 46, 48, 49, 53, 55, 56, 62, 64, 70, 72, 75, 76, 78, 79, 84, 85, 94, 96, 98, 101, 102, 104, 105, 114, 121, 124, 128, 136, 139, 141, 142, 146, 148, 150, 152, 155, 160, 169, 198, 200, 206, 207, 208, 215, 221, 224, 226, 232, 234, 236, 238, 239, 240, 279, 283, 287, 297, 300, 301, 309, 312, 322, 337, 338, 341, 347, 394, 399, 406, 416, 437, 438, 448, 461, 494, 496, 538, 543, 560, 581, 617, 621, 636, 647, 739, 1249]",,false,待人工定位,仅作素材,P3-素材,与当前规范存在职责重叠或质量不稳定，保留为检索素材，不直接进入稳定层。,generated,主题:sidebar,1
docsify/README.md,docsify,md,4895,仓库元数据,仓库生成文件,,"[496, 739]",,false,整理工作区归档,忽略,P4-忽略,属于旧仓库元数据、生成文件、版本副本或临时内容，不进入 Obsidian 知识库。,generated,主题:readme,1
generate_sidebar.js,generate_sidebar.js,js,7927,算法其他,仓库生成文件,,[123],,false,待人工定位,仅作素材,P3-素材,与当前规范存在职责重叠或质量不稳定，保留为检索素材，不直接进入稳定层。,generated,主题:generatesidebarjs,1
generate_sidebar.py,generate_sidebar.py,py,2760,算法其他,仓库生成文件,,[],,false,待人工定位,仅作素材,P3-素材,与当前规范存在职责重叠或质量不稳定，保留为检索素材，不直接进入稳定层。,generated,主题:generatesidebarpy,1
index.html,index.html,html,3801,算法其他,仓库生成文件,,[],,false,待人工定位,仅作素材,P3-素材,与当前规范存在职责重叠或质量不稳定，保留为检索素材，不直接进入稳定层。,generated,主题:indexhtml,1
project_rules.md,project_rules.md,md,6403,仓库元数据,其他资料,,[],,false,整理工作区归档,忽略,P4-忽略,属于旧仓库元数据、生成文件、版本副本或临时内容，不进入 Obsidian 知识库。,candidate,主题:projectrules,2
trae话术/导航.md,trae话术,md,58,仓库元数据,导航索引,,[],,false,整理工作区归档,忽略,P4-忽略,属于旧仓库元数据、生成文件、版本副本或临时内容，不进入 Obsidian 知识库。,candidate,主题:仓库元数据:trae话术:导航,1
trae话术/快速分类文件夹.txt,trae话术,txt,917,仓库元数据,其他资料,,[],,false,整理工作区归档,忽略,P4-忽略,属于旧仓库元数据、生成文件、版本副本或临时内容，不进入 Obsidian 知识库。,candidate,主题:快速分类文件夹txt,1
临时QA/1019_1.txr,临时QA,txr,1153,仓库元数据,其他资料,,[],,false,整理工作区归档,忽略,P4-忽略,属于旧仓库元数据、生成文件、版本副本或临时内容，不进入 Obsidian 知识库。,candidate,主题:10191txr,1
二叉树专题/4.1.10二叉树专题(6-10题)-Java版本.md,二叉树专题,md,17390,二叉树,批次题解,,"[98, 102, 108, 199, 230]",,false,待人工定位,仅作素材,P3-素材,与当前规范存在职责重叠或质量不稳定，保留为检索素材，不直接进入稳定层。,candidate,主题:4110二叉树专题610题,1
二叉树专题/4.1.11二叉树专题(11-15题)-Java版本.md,二叉树专题,md,18679,二叉树,批次题解,,"[105, 114, 124, 236, 437]",,false,待人工定位,仅作素材,P3-素材,与当前规范存在职责重叠或质量不稳定，保留为检索素材，不直接进入稳定层。,candidate,主题:4111二叉树专题1115题,1
二叉树专题/4.1.12二叉树专题(16-17题)-Java版本.md,二叉树专题,md,17314,二叉树,批次题解,,"[208, 211, 212, 297, 428, 449, 648]",,false,待人工定位,仅作素材,P3-素材,与当前规范存在职责重叠或质量不稳定，保留为检索素材，不直接进入稳定层。,candidate,主题:4112二叉树专题1617题,1
二叉树专题/4.1.9二叉树专题(1-5题)-Java版本.md,二叉树专题,md,13925,二叉树,批次题解,,"[94, 101, 104, 226, 543]",,false,待人工定位,仅作素材,P3-素材,与当前规范存在职责重叠或质量不稳定，保留为检索素材，不直接进入稳定层。,candidate,主题:419二叉树专题15题,1
二叉树专题/二叉树遍历算法详解.md,二叉树专题,md,9983,二叉树,其他资料,,[],,false,待人工定位,仅作素材,P3-素材,与当前规范存在职责重叠或质量不稳定，保留为检索素材，不直接进入稳定层。,candidate,主题:二叉树遍历算法,1
二叉树专题/导航.md,二叉树专题,md,577,二叉树,导航索引,,[],,false,待人工定位,归档,P4-归档,仅承担旧库导航或批量索引职责，稳定导航应由当前库 README、学习看板自动替代。,candidate,主题:二叉树:二叉树专题:导航,1
动态规划专题/1755447018449-8a3a3741-b7a7-41c8-b582-4c522ed3390c-331045.png,动态规划专题,png,894463,动态规划,资源图片,,[],,false,待人工定位,仅作素材,P3-素材,与当前规范存在职责重叠或质量不稳定，保留为检索素材，不直接进入稳定层。,candidate,主题:17554470184498a3a3741b7a741c8b5824c522ed3390c331045png,1
动态规划专题/4.1.13动态规划专题(1-5题)-Java版本.md,动态规划专题,md,16605,动态规划,批次题解,,"[70, 118, 198, 213, 279, 322, 377, 518, 746]",,false,待人工定位,仅作素材,P3-素材,与当前规范存在职责重叠或质量不稳定，保留为检索素材，不直接进入稳定层。,candidate,主题:4113动态规划专题15题,1
动态规划专题/4.1.14动态规划专题(6-10题)-Java版本.md,动态规划专题,md,22291,动态规划,批次题解,,"[32, 72, 97, 139, 140, 300, 354, 416, 494, 673, 1049]",,false,待人工定位,仅作素材,P3-素材,与当前规范存在职责重叠或质量不稳定，保留为检索素材，不直接进入稳定层。,candidate,主题:4114动态规划专题610题,1
动态规划专题/4.1.15动态规划专题(11-15题)-Java版本.md,动态规划专题,md,23576,动态规划,批次题解,,"[5, 85, 121, 122, 123, 152, 188, 221, 309, 516, 647, 712, 714, 1035, 1143, 1277]",,false,待人工定位,仅作素材,P3-素材,与当前规范存在职责重叠或质量不稳定，保留为检索素材，不直接进入稳定层。,candidate,主题:4115动态规划专题1115题,1
动态规划专题/5.动态规划入门详解教程-Java版本/5.1.1动态规划方法详解-爬楼梯DP实现思路-Java版本/5.1.1.1DP概念详解-动态规划与状压DP-Java版本.md,动态规划专题,md,9950,动态规划,通用原理与方法论,,[],,false,待定：02-概念专题/动态规划推导.md,改写后迁移,P0-通用模型,跨题通用原理或方法论，适合改写为概念卡、核心模型、建模专题或 Java 速查，不直接复制。,candidate,主题:5111dp概念详解动态规划与状压dp,1
动态规划专题/5.动态规划入门详解教程-Java版本/5.1.1动态规划方法详解-爬楼梯DP实现思路-Java版本/index.md,动态规划专题,md,7316,动态规划,导航索引,,[],,false,待人工定位,归档,P4-归档,仅承担旧库导航或批量索引职责，稳定导航应由当前库 README、学习看板自动替代。,candidate,主题:动态规划:动态规划专题/5.动态规划入门详解教程-Java版本/5.1.1动态规划方法详解-爬楼梯DP实现思路-Java版本:index,1
动态规划专题/5.动态规划入门详解教程-Java版本/5.1.2DP空间优化详解-从数组到变量的演进-Java版本.md,动态规划专题,md,9661,动态规划,通用原理与方法论,,[],,false,待定：02-概念专题/动态规划推导.md,改写后迁移,P0-通用模型,跨题通用原理或方法论，适合改写为概念卡、核心模型、建模专题或 Java 速查，不直接复制。,candidate,主题:512dp空间优化详解从数组到变量的演进,1
动态规划专题/5.动态规划入门详解教程-Java版本/5.1.3Java变量赋值逻辑详解-DP中的变量切换技巧-Java版本.md,动态规划专题,md,11842,动态规划,其他资料,,[],,false,待人工定位,仅作素材,P3-素材,与当前规范存在职责重叠或质量不稳定，保留为检索素材，不直接进入稳定层。,candidate,主题:513java变量赋值逻辑详解dp中的变量切换技巧,1
动态规划专题/5.动态规划入门详解教程-Java版本/5.1动态规划入门-爬楼梯例题详解-Java版本.md,动态规划专题,md,4606,动态规划,其他资料,,[],,false,待人工定位,仅作素材,P3-素材,与当前规范存在职责重叠或质量不稳定，保留为检索素材，不直接进入稳定层。,candidate,主题:51动态规划入门爬楼梯例题详解,1
动态规划专题/5.动态规划入门详解教程-Java版本/5.2动态规划进阶-打家劫舍例题详解-Java版本.md,动态规划专题,md,4889,动态规划,其他资料,,[],,false,待人工定位,仅作素材,P3-素材,与当前规范存在职责重叠或质量不稳定，保留为检索素材，不直接进入稳定层。,candidate,主题:52动态规划进阶打家劫舍例题详解,1
动态规划专题/5.动态规划入门详解教程-Java版本/5.3动态规划通用解题模板-Java版本.md,动态规划专题,md,7067,动态规划,其他资料,,[],,false,待人工定位,仅作素材,P3-素材,与当前规范存在职责重叠或质量不稳定，保留为检索素材，不直接进入稳定层。,candidate,主题:53动态规划通用解题模板,1
动态规划专题/5.动态规划入门详解教程-Java版本/5.4动态规划学习路径与总结-Java版本.md,动态规划专题,md,7802,动态规划,导航索引,,[],,false,待人工定位,归档,P4-归档,仅承担旧库导航或批量索引职责，稳定导航应由当前库 README、学习看板自动替代。,candidate,主题:动态规划:动态规划专题/5.动态规划入门详解教程-Java版本:54动态规划学习路径与总结,1
动态规划专题/5.动态规划入门详解教程-Java版本/5.5DP经典题目-最大子数组和详解-Java版本/5.5.1.关于这题的思路整理.md,动态规划专题,md,1419,动态规划,其他资料,,[],,false,待人工定位,仅作素材,P3-素材,与当前规范存在职责重叠或质量不稳定，保留为检索素材，不直接进入稳定层。,candidate,主题:551关于这题的,1
动态规划专题/5.动态规划入门详解教程-Java版本/5.5DP经典题目-最大子数组和详解-Java版本/5.5.2DP状态转移方程推导方法论-从题目到方程的系统分析-Java版本.md,动态规划专题,md,7333,动态规划,通用原理与方法论,,[],,false,待定：02-概念专题/动态规划推导.md,改写后迁移,P0-通用模型,跨题通用原理或方法论，适合改写为概念卡、核心模型、建模专题或 Java 速查，不直接复制。,candidate,主题:552dp状态转移方程推导方法论从题目到方程的系统分析,1
动态规划专题/5.动态规划入门详解教程-Java版本/5.5DP经典题目-最大子数组和详解-Java版本/5.5.3一维DP经典题目集锦-多个实例详解-Java版本.md,动态规划专题,md,11734,动态规划,其他资料,,"[91, 121, 152, 198, 300]",,false,待人工定位,仅作素材,P3-素材,与当前规范存在职责重叠或质量不稳定，保留为检索素材，不直接进入稳定层。,candidate,主题:553一维dp经典题目集锦多个实例详解,1
动态规划专题/5.动态规划入门详解教程-Java版本/5.5DP经典题目-最大子数组和详解-Java版本/index.md,动态规划专题,md,5805,动态规划,导航索引,,"[53, 152]",,false,待人工定位,归档,P4-归档,仅承担旧库导航或批量索引职责，稳定导航应由当前库 README、学习看板自动替代。,candidate,主题:动态规划:动态规划专题/5.动态规划入门详解教程-Java版本/5.5DP经典题目-最大子数组和详解-Java版本:index,1
动态规划专题/5.动态规划入门详解教程-Java版本/5.5DP经典题目-最大子数组和详解-Java版本/如何通过动画演示快速获取信息.md,动态规划专题,md,3826,动态规划,其他资料,,[100],,false,待人工定位,仅作素材,P3-素材,与当前规范存在职责重叠或质量不稳定，保留为检索素材，不直接进入稳定层。,candidate,主题:如何通过动画演示快速获取信息,1
动态规划专题/5.动态规划入门详解教程-Java版本/5.6二维DP入门-不同路径详解-Java版本/5.6.1二维DP进阶-最小路径和详解-Java版本.md,动态规划专题,md,12677,动态规划,其他资料,,[64],,false,待人工定位,仅作素材,P3-素材,与当前规范存在职责重叠或质量不稳定，保留为检索素材，不直接进入稳定层。,candidate,主题:561二维dp进阶最小路径和详解,1
动态规划专题/5.动态规划入门详解教程-Java版本/5.6二维DP入门-不同路径详解-Java版本/5.6.2关于不同路径问题的思路整理.md,动态规划专题,md,2090,动态规划,其他资料,,[62],,false,待人工定位,仅作素材,P3-素材,与当前规范存在职责重叠或质量不稳定，保留为检索素材，不直接进入稳定层。,candidate,主题:562关于不同路径问题的,1
动态规划专题/5.动态规划入门详解教程-Java版本/5.6二维DP入门-不同路径详解-Java版本/5.6.3二维DP空间优化详解-从二维到一维的演进-Java版本.md,动态规划专题,md,10714,动态规划,通用原理与方法论,,[],,false,待定：02-概念专题/动态规划推导.md,改写后迁移,P0-通用模型,跨题通用原理或方法论，适合改写为概念卡、核心模型、建模专题或 Java 速查，不直接复制。,candidate,主题:563二维dp空间优化详解从二维到一维的演进,1
动态规划专题/5.动态规划入门详解教程-Java版本/5.6二维DP入门-不同路径详解-Java版本/index.md,动态规划专题,md,9880,动态规划,导航索引,,"[62, 63, 64, 120]",,false,待人工定位,归档,P4-归档,仅承担旧库导航或批量索引职责，稳定导航应由当前库 README、学习看板自动替代。,candidate,主题:动态规划:动态规划专题/5.动态规划入门详解教程-Java版本/5.6二维DP入门-不同路径详解-Java版本:index,1
动态规划专题/5.动态规划入门详解教程-Java版本/5.7.1区间DP入门-最长回文子串详解-Java版本.md,动态规划专题,md,18476,动态规划,其他资料,,"[5, 131, 214, 516]",,false,待人工定位,仅作素材,P3-素材,与当前规范存在职责重叠或质量不稳定，保留为检索素材，不直接进入稳定层。,candidate,主题:571区间dp入门最长回文子串详解,1
动态规划专题/5.动态规划入门详解教程-Java版本/5.7.2滑动窗口解法分析-最长回文子串的另一种思路-Java版本.md,动态规划专题,md,11427,动态规划,其他资料,,"[3, 5, 76]",,false,待人工定位,仅作素材,P3-素材,与当前规范存在职责重叠或质量不稳定，保留为检索素材，不直接进入稳定层。,candidate,主题:572滑动窗口解法分析最长回文子串的另一种思路,1
动态规划专题/5.动态规划入门详解教程-Java版本/5.7.3区间DP推导过程详解-从具体到抽象的思维训练-Java版本.md,动态规划专题,md,18378,动态规划,通用原理与方法论,,[],,false,待定：02-概念专题/动态规划推导.md,改写后迁移,P0-通用模型,跨题通用原理或方法论，适合改写为概念卡、核心模型、建模专题或 Java 速查，不直接复制。,candidate,主题:573区间dp推导过程详解从具体到抽象的思维训练,1
动态规划专题/5.动态规划入门详解教程-Java版本/index.md,动态规划专题,md,12366,动态规划,导航索引,,[],,false,待人工定位,归档,P4-归档,仅承担旧库导航或批量索引职责，稳定导航应由当前库 README、学习看板自动替代。,candidate,主题:动态规划:动态规划专题/5.动态规划入门详解教程-Java版本:index,1
动态规划专题/6.LeetCode热题100-动态规划专题-Java版本.md,动态规划专题,md,16699,动态规划,其他资料,,[],,false,待人工定位,仅作素材,P3-素材,与当前规范存在职责重叠或质量不稳定，保留为检索素材，不直接进入稳定层。,candidate,主题:6leetcode热题100动态规划专题,1
动态规划专题/LeetCode96-不同的二叉搜索树解题思路.md,动态规划专题,md,3721,动态规划,单题资料,96,[96],不同的二叉搜索树解题思路,false,待建：题目/<主题型>/96-<English-Title>.md,改写后迁移,P0-独有题,当前库缺失该题，可进入候选批次，但必须先补官方事实、本地示例、权威 Java 与校验。,candidate,题:96,2
动态规划专题/不同的二叉搜索树-大佬的简单解释.md,动态规划专题,md,898,动态规划,其他资料,,[],,false,待人工定位,仅作素材,P3-素材,与当前规范存在职责重叠或质量不稳定，保留为检索素材，不直接进入稳定层。,candidate,主题:不同的二叉搜索树大佬的简单解释,1
动态规划专题/优先级最高/LeetCode_53_最大子数组和/问题1.0.0.md,动态规划专题,md,468,动态规划,问题档案,53,[53],最大子数组和,true,题目/动态规划/53-Maximum-Subarray.md,仅作素材,P3-旧题素材,当前库已有完整标准题解，旧文档降为推导、错因和表达素材。,candidate,题:53,3
动态规划专题/优先级最高/LeetCode_53_最大子数组和/题解2.0.0.md,动态规划专题,md,5809,动态规划,题解档案,53,"[53, 152]",最大子数组和,true,题目/动态规划/53-Maximum-Subarray.md,仅作素材,P3-旧题素材,当前库已有完整标准题解，旧文档降为推导、错因和表达素材。,candidate,题:53,3
动态规划专题/优先级最高/LeetCode_62_不同路径/问题1.0.0.md,动态规划专题,md,456,动态规划,问题档案,62,[62],不同路径,true,题目/动态规划/62-Unique-Paths.md,仅作素材,P3-旧题素材,当前库已有完整标准题解，旧文档降为推导、错因和表达素材。,candidate,题:62,3
动态规划专题/优先级最高/LeetCode_62_不同路径/题解2.0.0.md,动态规划专题,md,9884,动态规划,题解档案,62,"[62, 63, 64, 120]",不同路径,true,题目/动态规划/62-Unique-Paths.md,仅作素材,P3-旧题素材,当前库已有完整标准题解，旧文档降为推导、错因和表达素材。,candidate,题:62,3
动态规划专题/优先级最高/LeetCode_64_最小路径和/问题1.0.0.md,动态规划专题,md,462,动态规划,问题档案,64,[64],最小路径和,false,待建：题目/<主题型>/64-<English-Title>.md,改写后迁移,P0-独有题,当前库缺失该题，可进入候选批次，但必须先补官方事实、本地示例、权威 Java 与校验。,candidate,题:64,3
动态规划专题/优先级最高/LeetCode_64_最小路径和/题解2.0.0.md,动态规划专题,md,12681,动态规划,题解档案,64,[64],最小路径和,false,待建：题目/<主题型>/64-<English-Title>.md,改写后迁移,P0-独有题,当前库缺失该题，可进入候选批次，但必须先补官方事实、本地示例、权威 Java 与校验。,candidate,题:64,3
动态规划专题/动态规划专题目录.md,动态规划专题,md,98,动态规划,导航索引,,[],,false,待人工定位,归档,P4-归档,仅承担旧库导航或批量索引职责，稳定导航应由当前库 README、学习看板自动替代。,candidate,主题:动态规划:动态规划专题:动态规划专题目录,1
动态规划专题/学习主要内容/LeetCode_152_乘积最大子数组/问题1.0.0.md,动态规划专题,md,1105,动态规划,问题档案,152,[152],乘积最大子数组,false,待建：题目/<主题型>/152-<English-Title>.md,改写后迁移,P0-独有题,当前库缺失该题，可进入候选批次，但必须先补官方事实、本地示例、权威 Java 与校验。,candidate,题:152,3
动态规划专题/学习主要内容/LeetCode_152_乘积最大子数组/题解2.0.0-Java小白版.md,动态规划专题,md,10635,动态规划,题解档案,152,[152],乘积最大子数组,false,待建：题目/<主题型>/152-<English-Title>.md,改写后迁移,P0-独有题,当前库缺失该题，可进入候选批次，但必须先补官方事实、本地示例、权威 Java 与校验。,candidate,题:152,3
动态规划专题/学习主要内容/LeetCode_70_爬楼梯/问题1.0.0.md,动态规划专题,md,41,动态规划,问题档案,70,[70],爬楼梯,true,题目/动态规划/70-Climbing-Stairs.md,仅作素材,P3-旧题素材,当前库已有完整标准题解，旧文档降为推导、错因和表达素材。,candidate,题:70,3
动态规划专题/学习主要内容/LeetCode_70_爬楼梯/题解2.0.0.md,动态规划专题,md,41,动态规划,题解档案,70,[70],爬楼梯,true,题目/动态规划/70-Climbing-Stairs.md,仅作素材,P3-旧题素材,当前库已有完整标准题解，旧文档降为推导、错因和表达素材。,candidate,题:70,3
动态规划专题/学习思路整理/index.md,动态规划专题,md,1185,动态规划,导航索引,,"[53, 70, 198]",,false,待人工定位,归档,P4-归档,仅承担旧库导航或批量索引职责，稳定导航应由当前库 README、学习看板自动替代。,candidate,主题:动态规划:动态规划专题/学习思路整理:index,1
动态规划专题/导航.md,动态规划专题,md,1251,动态规划,导航索引,,[96],,false,待人工定位,归档,P4-归档,仅承担旧库导航或批量索引职责，稳定导航应由当前库 README、学习看板自动替代。,candidate,主题:动态规划:动态规划专题:导航,1
单调栈/下一个更大元素/LeetCode496-下一个更大元素I.md,单调栈,md,17431,单调栈,单题资料,496,"[496, 503]",下一个更大元素I,false,待建：题目/<主题型>/496-<English-Title>.md,改写后迁移,P0-独有题,当前库缺失该题，可进入候选批次，但必须先补官方事实、本地示例、权威 Java 与校验。,candidate,题:496,2
单调栈/原理与选择/单调栈结构原理详解.md,单调栈,md,15778,单调栈,通用原理与方法论,,[],,false,待定：02-概念专题/单调栈与哨兵.md,改写后迁移,P0-通用模型,跨题通用原理或方法论，适合改写为概念卡、核心模型、建模专题或 Java 速查，不直接复制。,candidate,主题:单调栈结构原理,2
单调栈/原理与选择/单调栈选择原则.md,单调栈,md,4101,单调栈,其他资料,,"[42, 84, 85, 496, 739]",,false,待定：02-概念专题/单调栈与哨兵.md,仅作素材,P3-素材,与当前规范存在职责重叠或质量不稳定，保留为检索素材，不直接进入稳定层。,candidate,主题:单调栈选择原则,1
单调栈/双栈结构/LeetCode232-用栈实现队列.md,单调栈,md,23766,单调栈,单题资料,232,"[225, 232]",用栈实现队列,true,题目/设计/232-Implement-Queue-using-Stacks.md,仅作素材,P3-旧题素材,当前库已有完整标准题解，旧文档降为推导、错因和表达素材。,candidate,题:232,3
单调栈/双栈结构/双栈结构原理详解 (1).md,单调栈,md,17946,单调栈,通用原理与方法论,,[],,false,待定：02-概念专题/单调栈与哨兵.md,忽略,P4-忽略,属于旧仓库元数据、生成文件、版本副本或临时内容，不进入 Obsidian 知识库。,variant,主题:双栈结构原理,3
单调栈/双栈结构/双栈结构原理详解.md,单调栈,md,17946,单调栈,通用原理与方法论,,[],,false,待定：02-概念专题/单调栈与哨兵.md,改写后迁移,P0-通用模型,跨题通用原理或方法论，适合改写为概念卡、核心模型、建模专题或 Java 速查，不直接复制。,candidate,主题:双栈结构原理,3
单调栈/双栈结构/双栈结构处理思路.md,单调栈,md,7600,单调栈,通用原理与方法论,,[],,false,待定：02-概念专题/单调栈与哨兵.md,改写后迁移,P0-通用模型,跨题通用原理或方法论，适合改写为概念卡、核心模型、建模专题或 Java 速查，不直接复制。,candidate,主题:双栈结构处理思路,1
单调栈/双栈结构/题解2.0.0-用栈实现队列.md,单调栈,md,4611,单调栈,题解档案,232,[232],用栈实现队列,true,题目/设计/232-Implement-Queue-using-Stacks.md,仅作素材,P3-旧题素材,当前库已有完整标准题解，旧文档降为推导、错因和表达素材。,candidate,题:232,3
单调栈/哨兵元素/单调栈哨兵元素深度解析.md,单调栈,md,12590,单调栈,通用原理与方法论,,"[42, 84, 496, 739]",,false,待定：02-概念专题/单调栈与哨兵.md,改写后迁移,P0-通用模型,跨题通用原理或方法论，适合改写为概念卡、核心模型、建模专题或 Java 速查，不直接复制。,candidate,主题:单调栈哨兵元素,2
单调栈/哨兵元素/单调栈哨兵元素示例.md,单调栈,md,5809,单调栈,其他资料,,[],,false,待定：02-概念专题/单调栈与哨兵.md,仅作素材,P3-素材,与当前规范存在职责重叠或质量不稳定，保留为检索素材，不直接进入稳定层。,candidate,主题:单调栈哨兵元素示例,1
单调栈/基础模板/单调栈基本模板.md,单调栈,md,6439,单调栈,其他资料,,"[42, 84, 85, 496]",,false,待定：02-概念专题/单调栈与哨兵.md,仅作素材,P3-素材,与当前规范存在职责重叠或质量不稳定，保留为检索素材，不直接进入稳定层。,candidate,主题:单调栈基本模板,1
单调栈/字符串解码/问题1.0.0-字符串解码.md,单调栈,md,3800,单调栈,问题档案,394,[394],字符串解码,true,题目/栈/394-Decode-String.md,仅作素材,P3-旧题素材,当前库已有完整标准题解，旧文档降为推导、错因和表达素材。,candidate,题:394,5
单调栈/字符串解码/问题1.0.1-字符串解码状态可视化.md,单调栈,md,9419,单调栈,问题档案,,[],,false,待定：02-概念专题/单调栈与哨兵.md,仅作素材,P3-素材,与当前规范存在职责重叠或质量不稳定，保留为检索素材，不直接进入稳定层。,candidate,主题:字符串解码状态可视化,2
单调栈/字符串解码/问题1.0.2-状态栈分析框架.md,单调栈,md,5267,单调栈,问题档案,,[],,false,待定：02-概念专题/表达式与状态栈.md,仅作素材,P3-素材,与当前规范存在职责重叠或质量不稳定，保留为检索素材，不直接进入稳定层。,candidate,主题:状态栈分析框架,2
单调栈/字符串解码/问题1.0.3-currentStr变化图解.md,单调栈,md,6778,单调栈,问题档案,,[],,false,待定：02-概念专题/单调栈与哨兵.md,仅作素材,P3-素材,与当前规范存在职责重叠或质量不稳定，保留为检索素材，不直接进入稳定层。,candidate,主题:currentstr变化图解,2
单调栈/字符串解码/题解2.0.0-字符串解码.md,单调栈,md,8740,单调栈,题解档案,394,[394],字符串解码,true,题目/栈/394-Decode-String.md,仅作素材,P3-旧题素材,当前库已有完整标准题解，旧文档降为推导、错因和表达素材。,candidate,题:394,5
单调栈/字符串解码/题解2.0.1-字符串解码状态栈.md,单调栈,md,6323,单调栈,题解档案,,[],,false,待定：02-概念专题/表达式与状态栈.md,仅作素材,P3-素材,与当前规范存在职责重叠或质量不稳定，保留为检索素材，不直接进入稳定层。,candidate,主题:字符串解码状态栈,2
单调栈/导航.md,单调栈,md,522,单调栈,导航索引,,[],,false,待定：02-概念专题/单调栈与哨兵.md,归档,P4-归档,仅承担旧库导航或批量索引职责，稳定导航应由当前库 README、学习看板自动替代。,candidate,主题:单调栈:单调栈:导航,1
单调栈/接雨水/题解2.0.0-接雨水.md,单调栈,md,6706,单调栈,题解档案,42,[42],接雨水,true,题目/双指针/42-Trapping-Rain-Water.md,仅作素材,P3-旧题素材,当前库已有完整标准题解，旧文档降为推导、错因和表达素材。,candidate,题:42,5
单调栈/接雨水/题解2.0.0-接雨水简易实现.md,单调栈,md,5790,单调栈,题解档案,,[],,false,待定：02-概念专题/单调栈与哨兵.md,仅作素材,P3-素材,与当前规范存在职责重叠或质量不稳定，保留为检索素材，不直接进入稳定层。,candidate,主题:接雨水简易实现,1
单调栈/接雨水/题解2.0.0-接雨水详解.md,单调栈,md,7952,单调栈,题解档案,42,[42],接雨水,true,题目/双指针/42-Trapping-Rain-Water.md,仅作素材,P3-旧题素材,当前库已有完整标准题解，旧文档降为推导、错因和表达素材。,candidate,题:42,5
单调栈/最大矩形/LeetCode84-柱状图中最大的矩形 (1).md,单调栈,md,22260,单调栈,单题资料,84,"[42, 84, 85, 221]",柱状图中最大的矩形,true,题目/单调栈/84-Largest-Rectangle-in-Histogram.md,忽略,P4-忽略,属于旧仓库元数据、生成文件、版本副本或临时内容，不进入 Obsidian 知识库。,variant,题:84,4
单调栈/最大矩形/最大矩形.md,单调栈,md,167,单调栈,其他资料,85,[85],最大矩形,false,待建：题目/<主题型>/85-<English-Title>.md,改写后迁移,P0-独有题,当前库缺失该题，可进入候选批次，但必须先补官方事实、本地示例、权威 Java 与校验。,candidate,题:85,10
单调栈/最大矩形/问题1.0.0-最大矩形.md,单调栈,md,3314,单调栈,问题档案,85,"[84, 85, 221]",最大矩形,false,待建：题目/<主题型>/85-<English-Title>.md,改写后迁移,P0-独有题,当前库缺失该题，可进入候选批次，但必须先补官方事实、本地示例、权威 Java 与校验。,candidate,题:85,10
单调栈/最大矩形/题解2.0.0-最大矩形.md,单调栈,md,5177,单调栈,题解档案,85,"[42, 84, 85, 221]",最大矩形,false,待建：题目/<主题型>/85-<English-Title>.md,改写后迁移,P0-独有题,当前库缺失该题，可进入候选批次，但必须先补官方事实、本地示例、权威 Java 与校验。,candidate,题:85,10
单调栈/最长有效括号/32.最长有效括号.md,单调栈,md,554,单调栈,其他资料,,[],,false,待定：02-概念专题/单调栈与哨兵.md,仅作素材,P3-素材,与当前规范存在职责重叠或质量不稳定，保留为检索素材，不直接进入稳定层。,candidate,主题:32最长有效括号,2
单调栈/最长有效括号/问题1.0.0-最长有效括号.md,单调栈,md,3120,单调栈,问题档案,32,[32],最长有效括号,true,题目/栈/32-Longest-Valid-Parentheses.md,仅作素材,P3-旧题素材,当前库已有完整标准题解，旧文档降为推导、错因和表达素材。,candidate,题:32,6
单调栈/最长有效括号/题解2.0.0-最长有效括号.md,单调栈,md,4781,单调栈,题解档案,32,[32],最长有效括号,true,题目/栈/32-Longest-Valid-Parentheses.md,仅作素材,P3-旧题素材,当前库已有完整标准题解，旧文档降为推导、错因和表达素材。,candidate,题:32,6
单调栈/记忆与思考/单调栈思考1.0.0.md,单调栈,md,4168,单调栈,其他资料,,"[42, 84, 496, 739, 901]",,false,待定：02-概念专题/单调栈与哨兵.md,仅作素材,P3-素材,与当前规范存在职责重叠或质量不稳定，保留为检索素材，不直接进入稳定层。,candidate,主题:单调栈思考100,1
单调栈/记忆与思考/单调栈记忆与理解2.0.0.md,单调栈,md,7204,单调栈,其他资料,,[],,false,待定：02-概念专题/单调栈与哨兵.md,仅作素材,P3-素材,与当前规范存在职责重叠或质量不稳定，保留为检索素材，不直接进入稳定层。,candidate,主题:单调栈记忆与理解200,1
基础认知/二进制/二进制如何加1演示.md,基础认知,md,2858,基础认知,其他资料,,[],,false,待人工定位,仅作素材,P3-素材,与当前规范存在职责重叠或质量不稳定，保留为检索素材，不直接进入稳定层。,candidate,主题:二进制如何加1演示,1
基础认知/二进制/原码反码补码32位举例.md,基础认知,md,3418,基础认知,其他资料,,[],,false,待人工定位,仅作素材,P3-素材,与当前规范存在职责重叠或质量不稳定，保留为检索素材，不直接进入稳定层。,candidate,主题:原码反码补码32位举例,1
基础认知/二进制/演示负4这种补码最后一位是1的加1之后的反码.md,基础认知,md,3410,基础认知,其他资料,,[],,false,待人工定位,仅作素材,P3-素材,与当前规范存在职责重叠或质量不稳定，保留为检索素材，不直接进入稳定层。,candidate,主题:演示负4这种补码最后一位是1的加1之后的反码,1
基础认知/二进制/补码表示法中的溢出.md,基础认知,md,3221,基础认知,其他资料,,[],,false,待人工定位,仅作素材,P3-素材,与当前规范存在职责重叠或质量不稳定，保留为检索素材，不直接进入稳定层。,candidate,主题:补码表示法中的溢出,1
基础认知/导航.md,基础认知,md,84,基础认知,导航索引,,[],,false,待人工定位,归档,P4-归档,仅承担旧库导航或批量索引职责，稳定导航应由当前库 README、学习看板自动替代。,candidate,主题:基础认知:基础认知:导航,1
字符串专题/4.1.21字符串专题(1-5题)-Java版本.md,字符串专题,md,23705,字符串,批次题解,,"[3, 76, 239, 424, 560]",,false,待人工定位,仅作素材,P3-素材,与当前规范存在职责重叠或质量不稳定，保留为检索素材，不直接进入稳定层。,candidate,主题:4121字符串专题15题,1
字符串专题/4.1.22字符串专题(6-7题)-Java版本.md,字符串专题,md,19706,字符串,批次题解,,"[5, 28, 49, 72, 209, 214, 242, 383, 438, 567, 647, 686, 713, 1004, 1143, 1248, 1347, 1392]",,false,待人工定位,仅作素材,P3-素材,与当前规范存在职责重叠或质量不稳定，保留为检索素材，不直接进入稳定层。,candidate,主题:4122字符串专题67题,1
字符串专题/动态规划-字符串/README.md,字符串专题,md,303,字符串,导航索引,,[],,false,待人工定位,归档,P4-归档,仅承担旧库导航或批量索引职责，稳定导航应由当前库 README、学习看板自动替代。,candidate,主题:字符串:字符串专题/动态规划-字符串:readme,1
字符串专题/动态规划-字符串/导航.md,字符串专题,md,1265,字符串,导航索引,,[],,false,待人工定位,归档,P4-归档,仅承担旧库导航或批量索引职责，稳定导航应由当前库 README、学习看板自动替代。,candidate,主题:字符串:字符串专题/动态规划-字符串:导航,1
字符串专题/动态规划-字符串/正则表达式匹配/对动态规划的思考.md,字符串专题,md,2720,字符串,其他资料,,[],,false,待人工定位,仅作素材,P3-素材,与当前规范存在职责重叠或质量不稳定，保留为检索素材，不直接进入稳定层。,candidate,主题:对动态规划的思考,1
字符串专题/动态规划-字符串/正则表达式匹配/微模板与易错点卡片.md,字符串专题,md,2394,字符串,微模板与易错点,,[],,false,待人工定位,仅作素材,P3-素材,与当前规范存在职责重叠或质量不稳定，保留为检索素材，不直接进入稳定层。,candidate,主题:字符串:字符串专题/动态规划-字符串/正则表达式匹配:微模板与易错点卡片,1
字符串专题/动态规划-字符串/正则表达式匹配/问题1.0.0-正则表达式匹配.md,字符串专题,md,7122,字符串,问题档案,10,[10],正则表达式匹配,false,待建：题目/<主题型>/10-<English-Title>.md,改写后迁移,P0-独有题,当前库缺失该题，可进入候选批次，但必须先补官方事实、本地示例、权威 Java 与校验。,candidate,题:10,3
字符串专题/动态规划-字符串/正则表达式匹配/问题1.0.1-正则表达式匹配-贪心策略局限性.md,字符串专题,md,4461,字符串,问题档案,,[10],,false,待人工定位,仅作素材,P3-素材,与当前规范存在职责重叠或质量不稳定，保留为检索素材，不直接进入稳定层。,candidate,主题:正则表达式匹配贪心策略局限性,1
字符串专题/动态规划-字符串/正则表达式匹配/题解2.0.0-正则表达式匹配.md,字符串专题,md,9119,字符串,题解档案,10,[10],正则表达式匹配,false,待建：题目/<主题型>/10-<English-Title>.md,改写后迁移,P0-独有题,当前库缺失该题，可进入候选批次，但必须先补官方事实、本地示例、权威 Java 与校验。,candidate,题:10,3
字符串专题/动态规划-字符串/正则表达式匹配/题解2.0.1-正则表达式匹配-DFS记忆化搜索.md,字符串专题,md,8264,字符串,题解档案,,[],,false,待人工定位,仅作素材,P3-素材,与当前规范存在职责重叠或质量不稳定，保留为检索素材，不直接进入稳定层。,candidate,主题:正则表达式匹配dfs记忆化搜索,1
字符串专题/动态规划-字符串/编辑距离/微模板与易错点卡片.md,字符串专题,md,1300,字符串,微模板与易错点,,[],,false,待人工定位,仅作素材,P3-素材,与当前规范存在职责重叠或质量不稳定，保留为检索素材，不直接进入稳定层。,candidate,主题:字符串:字符串专题/动态规划-字符串/编辑距离:微模板与易错点卡片,1
字符串专题/动态规划-字符串/编辑距离/豆包编辑距离解法.md,字符串专题,md,6032,字符串,其他资料,,[],,false,待人工定位,仅作素材,P3-素材,与当前规范存在职责重叠或质量不稳定，保留为检索素材，不直接进入稳定层。,candidate,主题:豆包编辑距离解法,1
字符串专题/动态规划-字符串/编辑距离/问题1.0.0-编辑距离.md,字符串专题,md,926,字符串,问题档案,72,[72],编辑距离,true,题目/动态规划/72-Edit-Distance.md,仅作素材,P3-旧题素材,当前库已有完整标准题解，旧文档降为推导、错因和表达素材。,candidate,题:72,3
字符串专题/动态规划-字符串/编辑距离/题解2.0.0-编辑距离.md,字符串专题,md,1615,字符串,题解档案,72,[72],编辑距离,true,题目/动态规划/72-Edit-Distance.md,仅作素材,P3-旧题素材,当前库已有完整标准题解，旧文档降为推导、错因和表达素材。,candidate,题:72,3
字符串专题/双指针-中心扩展/回文子串/微模板与易错点卡片.md,字符串专题,md,929,字符串,微模板与易错点,,[],,false,待人工定位,仅作素材,P3-素材,与当前规范存在职责重叠或质量不稳定，保留为检索素材，不直接进入稳定层。,candidate,主题:字符串:字符串专题/双指针-中心扩展/回文子串:微模板与易错点卡片,1
字符串专题/双指针-中心扩展/回文子串/问题1.0.0-回文子串.md,字符串专题,md,785,字符串,问题档案,647,[647],回文子串,false,待建：题目/<主题型>/647-<English-Title>.md,改写后迁移,P0-独有题,当前库缺失该题，可进入候选批次，但必须先补官方事实、本地示例、权威 Java 与校验。,candidate,题:647,3
字符串专题/双指针-中心扩展/回文子串/题解2.0.0-回文子串.md,字符串专题,md,1227,字符串,题解档案,647,[647],回文子串,false,待建：题目/<主题型>/647-<English-Title>.md,改写后迁移,P0-独有题,当前库缺失该题，可进入候选批次，但必须先补官方事实、本地示例、权威 Java 与校验。,candidate,题:647,3
字符串专题/双指针-中心扩展/回文子串/题解2.0.1-回文子串-易于记忆的官方题解.md,字符串专题,md,1252,字符串,题解档案,,[],,false,待人工定位,仅作素材,P3-素材,与当前规范存在职责重叠或质量不稳定，保留为检索素材，不直接进入稳定层。,candidate,主题:回文子串易于记忆的官方题解,1
字符串专题/双指针-中心扩展/导航.md,字符串专题,md,1110,字符串,导航索引,,[],,false,待人工定位,归档,P4-归档,仅承担旧库导航或批量索引职责，稳定导航应由当前库 README、学习看板自动替代。,candidate,主题:字符串:字符串专题/双指针-中心扩展:导航,1
字符串专题/双指针-中心扩展/最长回文子串/微模板与易错点卡片.md,字符串专题,md,1095,字符串,微模板与易错点,,[],,false,待人工定位,仅作素材,P3-素材,与当前规范存在职责重叠或质量不稳定，保留为检索素材，不直接进入稳定层。,candidate,主题:字符串:字符串专题/双指针-中心扩展/最长回文子串:微模板与易错点卡片,1
字符串专题/双指针-中心扩展/最长回文子串/问题1.0.0-最长回文子串.md,字符串专题,md,947,字符串,问题档案,5,[5],最长回文子串,true,题目/字符串/5-Longest-Palindromic-Substring.md,仅作素材,P3-旧题素材,当前库已有完整标准题解，旧文档降为推导、错因和表达素材。,candidate,题:5,3
字符串专题/双指针-中心扩展/最长回文子串/题解2.0.0-最长回文子串-小白注释版.md,字符串专题,md,13468,字符串,题解档案,,[],,false,待人工定位,仅作素材,P3-素材,与当前规范存在职责重叠或质量不稳定，保留为检索素材，不直接进入稳定层。,candidate,主题:最长回文子串小白注释版,1
字符串专题/双指针-中心扩展/最长回文子串/题解2.0.0-最长回文子串.md,字符串专题,md,4626,字符串,题解档案,5,[5],最长回文子串,true,题目/字符串/5-Longest-Palindromic-Substring.md,仅作素材,P3-旧题素材,当前库已有完整标准题解，旧文档降为推导、错因和表达素材。,candidate,题:5,3
字符串专题/双指针-中心扩展/最长回文子串/题解2.0.1-最长回文子串-易于记忆的官方题解.md,字符串专题,md,1523,字符串,题解档案,,[],,false,待人工定位,仅作素材,P3-素材,与当前规范存在职责重叠或质量不稳定，保留为检索素材，不直接进入稳定层。,candidate,主题:最长回文子串易于记忆的官方题解,1
字符串专题/哈希与排序/字母异位词分组/微模板与易错点卡片.md,字符串专题,md,2137,字符串,微模板与易错点,,[],,false,待人工定位,仅作素材,P3-素材,与当前规范存在职责重叠或质量不稳定，保留为检索素材，不直接进入稳定层。,candidate,主题:字符串:字符串专题/哈希与排序/字母异位词分组:微模板与易错点卡片,1
字符串专题/哈希与排序/字母异位词分组/问题1.0.0-字母异位词分组.md,字符串专题,md,3360,字符串,问题档案,49,[49],字母异位词分组,true,题目/数组与哈希/49-Group-Anagrams.md,仅作素材,P3-旧题素材,当前库已有完整标准题解，旧文档降为推导、错因和表达素材。,candidate,题:49,3
字符串专题/哈希与排序/字母异位词分组/问题1.0.0-字符索引映射-ch减a是什么.md,字符串专题,md,3301,字符串,导航索引,,"[49, 242, 438]",,false,待人工定位,归档,P4-归档,仅承担旧库导航或批量索引职责，稳定导航应由当前库 README、学习看板自动替代。,candidate,主题:字符串:字符串专题/哈希与排序/字母异位词分组:字符索引映射ch减a是什么,1
字符串专题/哈希与排序/字母异位词分组/题解2.0.0-字母异位词分组.md,字符串专题,md,4419,字符串,题解档案,49,[49],字母异位词分组,true,题目/数组与哈希/49-Group-Anagrams.md,仅作素材,P3-旧题素材,当前库已有完整标准题解，旧文档降为推导、错因和表达素材。,candidate,题:49,3
字符串专题/哈希与排序/字母异位词分组/题解2.0.1-字母异位词分组-易于记忆的官方题解.md,字符串专题,md,1224,字符串,题解档案,,[],,false,待人工定位,仅作素材,P3-素材,与当前规范存在职责重叠或质量不稳定，保留为检索素材，不直接进入稳定层。,candidate,主题:字母异位词分组易于记忆的官方题解,1
字符串专题/哈希与排序/导航.md,字符串专题,md,709,字符串,导航索引,,[],,false,待人工定位,归档,P4-归档,仅承担旧库导航或批量索引职责，稳定导航应由当前库 README、学习看板自动替代。,candidate,主题:字符串:字符串专题/哈希与排序:导航,1
字符串专题/学习顺序-字符串专题7题.md,字符串专题,md,5132,字符串,导航索引,,[],,false,待人工定位,归档,P4-归档,仅承担旧库导航或批量索引职责，稳定导航应由当前库 README、学习看板自动替代。,candidate,主题:字符串:字符串专题:学习顺序字符串专题7题,1
字符串专题/导航.md,字符串专题,md,635,字符串,导航索引,,[],,false,待人工定位,归档,P4-归档,仅承担旧库导航或批量索引职责，稳定导航应由当前库 README、学习看板自动替代。,candidate,主题:字符串:字符串专题:导航,1
字符串专题/滑动窗口/导航.md,字符串专题,md,1117,字符串,导航索引,,[],,false,待人工定位,归档,P4-归档,仅承担旧库导航或批量索引职责，稳定导航应由当前库 README、学习看板自动替代。,candidate,主题:字符串:字符串专题/滑动窗口:导航,1
字符串专题/滑动窗口/无重复字符的最长子串/微模板与易错点卡片.md,字符串专题,md,1655,字符串,微模板与易错点,,[],,false,待人工定位,仅作素材,P3-素材,与当前规范存在职责重叠或质量不稳定，保留为检索素材，不直接进入稳定层。,candidate,主题:字符串:字符串专题/滑动窗口/无重复字符的最长子串:微模板与易错点卡片,1
字符串专题/滑动窗口/无重复字符的最长子串/问题1.0.0-无重复字符的最长子串.md,字符串专题,md,2039,字符串,问题档案,3,[3],无重复字符的最长子串,true,题目/滑动窗口/3-Longest-Substring-Without-Repeating-Characters.md,仅作素材,P3-旧题素材,当前库已有完整标准题解，旧文档降为推导、错因和表达素材。,candidate,题:3,3
字符串专题/滑动窗口/无重复字符的最长子串/题解2.0.0-无重复字符的最长子串.md,字符串专题,md,2481,字符串,题解档案,3,[3],无重复字符的最长子串,true,题目/滑动窗口/3-Longest-Substring-Without-Repeating-Characters.md,仅作素材,P3-旧题素材,当前库已有完整标准题解，旧文档降为推导、错因和表达素材。,candidate,题:3,3
字符串专题/滑动窗口/无重复字符的最长子串/题解2.0.1-无重复字符的最长子串-易于记忆的官方题解.md,字符串专题,md,1382,字符串,题解档案,,[],,false,待人工定位,仅作素材,P3-素材,与当前规范存在职责重叠或质量不稳定，保留为检索素材，不直接进入稳定层。,candidate,主题:无重复字符的最长子串易于记忆的官方题解,1
字符串专题/滑动窗口/最小覆盖子串/微模板与易错点卡片.md,字符串专题,md,1402,字符串,微模板与易错点,,[],,false,待人工定位,仅作素材,P3-素材,与当前规范存在职责重叠或质量不稳定，保留为检索素材，不直接进入稳定层。,candidate,主题:字符串:字符串专题/滑动窗口/最小覆盖子串:微模板与易错点卡片,1
字符串专题/滑动窗口/最小覆盖子串/问题1.0.0-最小覆盖子串.md,字符串专题,md,1062,字符串,问题档案,76,[76],最小覆盖子串,true,题目/滑动窗口/76-Minimum-Window-Substring.md,仅作素材,P3-旧题素材,当前库已有完整标准题解，旧文档降为推导、错因和表达素材。,candidate,题:76,3
字符串专题/滑动窗口/最小覆盖子串/题解2.0.0-最小覆盖子串.md,字符串专题,md,2021,字符串,题解档案,76,[76],最小覆盖子串,true,题目/滑动窗口/76-Minimum-Window-Substring.md,仅作素材,P3-旧题素材,当前库已有完整标准题解，旧文档降为推导、错因和表达素材。,candidate,题:76,3
字符串专题/滑动窗口/最小覆盖子串/题解2.0.1-最小覆盖子串-易于记忆的官方题解.md,字符串专题,md,2267,字符串,题解档案,,[],,false,待人工定位,仅作素材,P3-素材,与当前规范存在职责重叠或质量不稳定，保留为检索素材，不直接进入稳定层。,candidate,主题:最小覆盖子串易于记忆的官方题解,1
学习产出/一些工具.md,学习产出,md,212,学习产出,其他资料,,[],,false,待人工定位,仅作素材,P3-素材,与当前规范存在职责重叠或质量不稳定，保留为检索素材，不直接进入稳定层。,candidate,主题:一些工具,1
学习产出/导航.md,学习产出,md,89,学习产出,导航索引,,[],,false,待人工定位,归档,P4-归档,仅承担旧库导航或批量索引职责，稳定导航应由当前库 README、学习看板自动替代。,candidate,主题:学习产出:学习产出:导航,1
学习方法/4.1.1数组专题(1-5题)-Java版本/Boyer-Moore投票算法详解.md,学习方法,md,3894,学习方法,其他资料,,"[169, 229]",,false,待人工定位,仅作素材,P3-素材,与当前规范存在职责重叠或质量不稳定，保留为检索素材，不直接进入稳定层。,candidate,主题:boyermoore投票算法,1
学习方法/4.1.1数组专题(1-5题)-Java版本/index.md,学习方法,md,12417,学习方法,导航索引,,"[1, 121, 169, 283, 448]",,false,待人工定位,归档,P4-归档,仅承担旧库导航或批量索引职责，稳定导航应由当前库 README、学习看板自动替代。,candidate,主题:学习方法:学习方法/4.1.1数组专题(1-5题)-Java版本:index,1
学习方法/4.1.1数组专题(1-5题)-Java版本/数组条件关联题目解题策略.md,学习方法,md,5211,学习方法,其他资料,,[],,false,待人工定位,仅作素材,P3-素材,与当前规范存在职责重叠或质量不稳定，保留为检索素材，不直接进入稳定层。,candidate,主题:数组条件关联题目解题策略,1
学习方法/4.1.1数组专题(1-5题)-Java版本/移动零问题的双指针分区思想详解.md,学习方法,md,7160,学习方法,其他资料,,[],,false,待人工定位,仅作素材,P3-素材,与当前规范存在职责重叠或质量不稳定，保留为检索素材，不直接进入稳定层。,candidate,主题:移动零问题的双指针分区思想,1
学习方法/4.1.23位运算专题-Java版本.md,学习方法,md,20874,学习方法,批次题解,,"[78, 136, 137, 190, 191, 231, 260, 268, 326, 338, 342, 389, 461, 477, 698, 847]",,false,待人工定位,仅作素材,P3-素材,与当前规范存在职责重叠或质量不稳定，保留为检索素材，不直接进入稳定层。,candidate,主题:4123位运算专题,1
学习方法/4.1.3数组专题(11-15题)-Java版本/LeetCode215-数组中的第K个最大元素/index.md,学习方法,md,8633,学习方法,导航索引,215,"[215, 347, 703, 973]",符合人类逻辑的解题思路,true,题目/堆与选择/215-Kth-Largest-Element-in-an-Array.md,归档,P4-归档,仅承担旧库导航或批量索引职责，稳定导航应由当前库 README、学习看板自动替代。,candidate,题:215,13
学习方法/4.1.3数组专题(11-15题)-Java版本/LeetCode215-数组中的第K个最大元素/小顶堆解法详解-第K个最大元素.md,学习方法,md,11764,学习方法,单题资料,215,[215],符合人类逻辑的解题思路,true,题目/堆与选择/215-Kth-Largest-Element-in-an-Array.md,仅作素材,P3-旧题素材,当前库已有完整标准题解，旧文档降为推导、错因和表达素材。,candidate,题:215,13
学习方法/4.1.3数组专题(11-15题)-Java版本/LeetCode215-数组中的第K个最大元素/归并排序详解-稳定高效的分治算法.md,学习方法,md,15350,学习方法,单题资料,215,[215],符合人类逻辑的解题思路,true,题目/堆与选择/215-Kth-Largest-Element-in-an-Array.md,仅作素材,P3-旧题素材,当前库已有完整标准题解，旧文档降为推导、错因和表达素材。,candidate,题:215,13
学习方法/4.1.3数组专题(11-15题)-Java版本/LeetCode215-数组中的第K个最大元素/快速排序深度解析-分区与递归详解.md,学习方法,md,10740,学习方法,单题资料,215,[215],符合人类逻辑的解题思路,true,题目/堆与选择/215-Kth-Largest-Element-in-an-Array.md,仅作素材,P3-旧题素材,当前库已有完整标准题解，旧文档降为推导、错因和表达素材。,candidate,题:215,13
学习方法/4.1.3数组专题(11-15题)-Java版本/LeetCode215-数组中的第K个最大元素/快速排序详解-从基础到快速选择.md,学习方法,md,8219,学习方法,单题资料,215,[215],符合人类逻辑的解题思路,true,题目/堆与选择/215-Kth-Largest-Element-in-an-Array.md,仅作素材,P3-旧题素材,当前库已有完整标准题解，旧文档降为推导、错因和表达素材。,candidate,题:215,13
学习方法/4.1.3数组专题(11-15题)-Java版本/LeetCode215-数组中的第K个最大元素/插入排序详解-简单高效的基础算法.md,学习方法,md,10645,学习方法,单题资料,215,[215],符合人类逻辑的解题思路,true,题目/堆与选择/215-Kth-Largest-Element-in-an-Array.md,仅作素材,P3-旧题素材,当前库已有完整标准题解，旧文档降为推导、错因和表达素材。,candidate,题:215,13
学习方法/4.1.3数组专题(11-15题)-Java版本/index.md,学习方法,md,15146,学习方法,导航索引,,"[56, 75, 128, 215, 238]",,false,待人工定位,归档,P4-归档,仅承担旧库导航或批量索引职责，稳定导航应由当前库 README、学习看板自动替代。,candidate,主题:学习方法:学习方法/4.1.3数组专题(11-15题)-Java版本:index,1
学习方法/4.1.4数组专题(16-20题)-Java版本.md,学习方法,md,13889,学习方法,批次题解,,"[41, 84, 239, 287, 560]",,false,待人工定位,仅作素材,P3-素材,与当前规范存在职责重叠或质量不稳定，保留为检索素材，不直接进入稳定层。,candidate,主题:414数组专题1620题,1
学习方法/4.1.5数组专题(21-25题)-Java版本.md,学习方法,md,17318,学习方法,批次题解,,"[4, 42, 85, 152, 169]",,false,待人工定位,仅作素材,P3-素材,与当前规范存在职责重叠或质量不稳定，保留为检索素材，不直接进入稳定层。,candidate,主题:415数组专题2125题,1
学习方法/4.1LeetCode热题100完整题目列表/任务调度器.md,学习方法,md,4377,学习方法,其他资料,621,[621],任务调度器,false,待建：题目/<主题型>/621-<English-Title>.md,改写后迁移,P0-独有题,当前库缺失该题，可进入候选批次，但必须先补官方事实、本地示例、权威 Java 与校验。,candidate,题:621,2
学习方法/Stack与Deque内存性能对比.md,学习方法,md,8510,学习方法,其他资料,,[],,false,待人工定位,仅作素材,P3-素材,与当前规范存在职责重叠或质量不稳定，保留为检索素材，不直接进入稳定层。,candidate,主题:stack与deque内存性能对比,1
学习方法/一个月冲刺热门百题学习计划.md,学习方法,md,7209,学习方法,其他资料,,[],,false,待人工定位,仅作素材,P3-素材,与当前规范存在职责重叠或质量不稳定，保留为检索素材，不直接进入稳定层。,candidate,主题:一个月冲刺热门百题学习计划,1
学习方法/一些重要的算法思想/算法优化思想-滚动数组与增量更新/index.md,学习方法,md,6119,学习方法,导航索引,,[],,false,待人工定位,归档,P4-归档,仅承担旧库导航或批量索引职责，稳定导航应由当前库 README、学习看板自动替代。,candidate,主题:学习方法:学习方法/一些重要的算法思想/算法优化思想-滚动数组与增量更新:index,1
学习方法/一些重要的算法思想/算法优化思想-滚动数组与增量更新/问题1.0.0-最大矩形.md,学习方法,md,3526,学习方法,问题档案,85,"[84, 85, 221]",最大矩形,false,待建：题目/<主题型>/85-<English-Title>.md,改写后迁移,P0-独有题,当前库缺失该题，可进入候选批次，但必须先补官方事实、本地示例、权威 Java 与校验。,candidate,题:85,10
学习方法/一些重要的算法思想/算法优化思想-滚动数组与增量更新/题解2.0.0-最大矩形.md,学习方法,md,5322,学习方法,题解档案,85,"[42, 84, 85, 221]",最大矩形,false,待建：题目/<主题型>/85-<English-Title>.md,改写后迁移,P0-独有题,当前库缺失该题，可进入候选批次，但必须先补官方事实、本地示例、权威 Java 与校验。,candidate,题:85,10
学习方法/学习算法的立足根本/算法学习过程的苦恼.md,学习方法,md,2618,学习方法,其他资料,,[],,false,待人工定位,仅作素材,P3-素材,与当前规范存在职责重叠或质量不稳定，保留为检索素材，不直接进入稳定层。,candidate,主题:算法学习过程的苦恼,1
学习方法/导航.md,学习方法,md,1155,学习方法,导航索引,,[],,false,待人工定位,归档,P4-归档,仅承担旧库导航或批量索引职责，稳定导航应由当前库 README、学习看板自动替代。,candidate,主题:学习方法:学习方法:导航,1
学习方法/待分类/一些比较容易失去记忆的关键词.md,学习方法,md,997,学习方法,其他资料,,[],,false,待人工定位,仅作素材,P3-素材,与当前规范存在职责重叠或质量不稳定，保留为检索素材，不直接进入稳定层。,candidate,主题:一些比较容易失去记忆的关键词,1
学习方法/快速阅读与脑内建模训练指南.md,学习方法,md,12916,学习方法,其他资料,,[],,false,待人工定位,仅作素材,P3-素材,与当前规范存在职责重叠或质量不稳定，保留为检索素材，不直接进入稳定层。,candidate,主题:快速阅读与脑内建模训练指南,1
学习方法/栈学习总结.md,学习方法,md,5323,学习方法,其他资料,,[],,false,待人工定位,仅作素材,P3-素材,与当前规范存在职责重叠或质量不稳定，保留为检索素材，不直接进入稳定层。,candidate,主题:栈学习,1
学习方法/模板索引.md,学习方法,md,9132,学习方法,导航索引,,[],,false,待定：Java速查/,归档,P4-归档,仅承担旧库导航或批量索引职责，稳定导航应由当前库 README、学习看板自动替代。,candidate,主题:学习方法:学习方法:模板索引,1
学习方法/热门百题模板速查表.md,学习方法,md,7378,学习方法,其他资料,,[],,false,待人工定位,仅作素材,P3-素材,与当前规范存在职责重叠或质量不稳定，保留为检索素材，不直接进入稳定层。,candidate,主题:热门百题模板速查表,1
学习方法/递归回溯算法学习总结与方法论.md,学习方法,md,4830,学习方法,通用原理与方法论,,[],,false,待人工定位,改写后迁移,P0-通用模型,跨题通用原理或方法论，适合改写为概念卡、核心模型、建模专题或 Java 速查，不直接复制。,candidate,主题:递归回溯算法学习总结与方法论,1
学习方法/通用解题方案/二叉树/二叉树遍历通用模式.md,学习方法,md,14658,学习方法,通用原理与方法论,,[],,false,待人工定位,改写后迁移,P0-通用模型,跨题通用原理或方法论，适合改写为概念卡、核心模型、建模专题或 Java 速查，不直接复制。,candidate,主题:二叉树遍历通用模式,1
学习方法/通用解题方案/数组/数组的一些处理技巧.md,学习方法,md,308,学习方法,通用原理与方法论,,[],,false,待人工定位,改写后迁移,P0-通用模型,跨题通用原理或方法论，适合改写为概念卡、核心模型、建模专题或 Java 速查，不直接复制。,candidate,主题:数组的一些处理技巧,1
学习方法/通用解题方案/栈/栈的解题模式与通用框架.md,学习方法,md,28977,学习方法,通用原理与方法论,,"[20, 42, 84, 85, 94, 150, 155, 224, 232, 341, 394, 496, 636, 739]",,false,待人工定位,改写后迁移,P0-通用模型,跨题通用原理或方法论，适合改写为概念卡、核心模型、建模专题或 Java 速查，不直接复制。,candidate,主题:栈的解题模式与通用框架,1
学习方法/通用解题方案/栈/栈算法解题模式总结.md,学习方法,md,16951,学习方法,通用原理与方法论,,[],,false,待人工定位,改写后迁移,P0-通用模型,跨题通用原理或方法论，适合改写为概念卡、核心模型、建模专题或 Java 速查，不直接复制。,candidate,主题:栈算法解题模式,1
搜索和回溯/4.1.16搜索与回溯专题(1-5题)-Java版本.md,搜索和回溯,md,22087,搜索与回溯,批次题解,,"[17, 22, 37, 39, 40, 46, 47, 51, 78, 79, 90, 212]",,false,待人工定位,仅作素材,P3-素材,与当前规范存在职责重叠或质量不稳定，保留为检索素材，不直接进入稳定层。,candidate,主题:4116搜索与回溯专题15题,1
搜索和回溯/4.1.17搜索与回溯专题(6-10题)-Java版本.md,搜索和回溯,md,34985,搜索与回溯,批次题解,,"[37, 51, 52, 79, 127, 131, 200, 212, 463, 695, 994]",,false,待人工定位,仅作素材,P3-素材,与当前规范存在职责重叠或质量不稳定，保留为检索素材，不直接进入稳定层。,candidate,主题:4117搜索与回溯专题610题,1
搜索和回溯/4.1.18搜索与回溯专题(11题)-Java版本.md,搜索和回溯,md,14531,搜索与回溯,批次题解,,"[37, 52, 79, 93, 126, 127, 130, 133, 207, 210, 212, 463, 542, 695, 847, 1091]",,false,待人工定位,仅作素材,P3-素材,与当前规范存在职责重叠或质量不稳定，保留为检索素材，不直接进入稳定层。,candidate,主题:4118搜索与回溯专题11题,1
搜索和回溯/4.1.19 搜索与回溯专题 (缺失 4 题补全).md,搜索和回溯,md,27684,搜索与回溯,批次题解,,"[22, 31, 46, 47, 60, 207, 210, 269, 301, 416, 494, 518, 678]",,false,待人工定位,仅作素材,P3-素材,与当前规范存在职责重叠或质量不稳定，保留为检索素材，不直接进入稳定层。,candidate,主题:4119搜索与回溯专题缺失4题补全,1
搜索和回溯/7.LeetCode热题100-图论专题-Java版本.md,搜索和回溯,md,17195,搜索与回溯,其他资料,,[],,false,待人工定位,仅作素材,P3-素材,与当前规范存在职责重叠或质量不稳定，保留为检索素材，不直接进入稳定层。,candidate,主题:7leetcode热题100图论专题,1
搜索和回溯/BFS搜索/传播问题/腐烂的橘子/README.md,搜索和回溯,md,137,搜索与回溯,导航索引,,[],,false,待人工定位,归档,P4-归档,仅承担旧库导航或批量索引职责，稳定导航应由当前库 README、学习看板自动替代。,candidate,主题:搜索与回溯:搜索和回溯/BFS搜索/传播问题:readme,1
搜索和回溯/BFS搜索/传播问题/腐烂的橘子/问题1.0.0-腐烂的橘子.md,搜索和回溯,md,685,搜索与回溯,问题档案,,[994],,false,待人工定位,仅作素材,P3-素材,与当前规范存在职责重叠或质量不稳定，保留为检索素材，不直接进入稳定层。,candidate,主题:腐烂的橘子,4
搜索和回溯/BFS搜索/传播问题/腐烂的橘子/题解2.0.0-腐烂的橘子.md,搜索和回溯,md,1561,搜索与回溯,题解档案,,[994],,false,待人工定位,仅作素材,P3-素材,与当前规范存在职责重叠或质量不稳定，保留为检索素材，不直接进入稳定层。,candidate,主题:腐烂的橘子,4
搜索和回溯/BFS搜索/最短路径/二进制矩阵/问题1.0.0-二进制矩阵中的最短路径.md,搜索和回溯,md,759,搜索与回溯,问题档案,,[1091],,false,待人工定位,仅作素材,P3-素材,与当前规范存在职责重叠或质量不稳定，保留为检索素材，不直接进入稳定层。,candidate,主题:二进制矩阵中的最短路径,2
搜索和回溯/BFS搜索/最短路径/二进制矩阵/题解2.0.0-二进制矩阵中的最短路径.md,搜索和回溯,md,1892,搜索与回溯,题解档案,,[1091],,false,待人工定位,仅作素材,P3-素材,与当前规范存在职责重叠或质量不稳定，保留为检索素材，不直接进入稳定层。,candidate,主题:二进制矩阵中的最短路径,2
搜索和回溯/BFS搜索/最短路径/公交路线/问题1.0.0-公交路线.md,搜索和回溯,md,711,搜索与回溯,问题档案,,[815],,false,待人工定位,仅作素材,P3-素材,与当前规范存在职责重叠或质量不稳定，保留为检索素材，不直接进入稳定层。,candidate,主题:公交路线,2
搜索和回溯/BFS搜索/最短路径/公交路线/题解2.0.0-公交路线.md,搜索和回溯,md,1976,搜索与回溯,题解档案,,[815],,false,待人工定位,仅作素材,P3-素材,与当前规范存在职责重叠或质量不稳定，保留为检索素材，不直接进入稳定层。,candidate,主题:公交路线,2
搜索和回溯/BFS搜索/最短路径/开锁/README.md,搜索和回溯,md,125,搜索与回溯,导航索引,,[],,false,待人工定位,归档,P4-归档,仅承担旧库导航或批量索引职责，稳定导航应由当前库 README、学习看板自动替代。,candidate,主题:搜索与回溯:搜索和回溯/BFS搜索/最短路径:readme,4
搜索和回溯/BFS搜索/最短路径/开锁/问题1.0.0-开锁.md,搜索和回溯,md,615,搜索与回溯,问题档案,,[752],,false,待人工定位,仅作素材,P3-素材,与当前规范存在职责重叠或质量不稳定，保留为检索素材，不直接进入稳定层。,candidate,主题:开锁,2
搜索和回溯/BFS搜索/最短路径/开锁/题解2.0.0-开锁.md,搜索和回溯,md,1805,搜索与回溯,题解档案,,[752],,false,待人工定位,仅作素材,P3-素材,与当前规范存在职责重叠或质量不稳定，保留为检索素材，不直接进入稳定层。,candidate,主题:开锁,2
搜索和回溯/BFS搜索/最短路径/最少的骑士移动次数/README.md,搜索和回溯,md,167,搜索与回溯,导航索引,,[],,false,待人工定位,归档,P4-归档,仅承担旧库导航或批量索引职责，稳定导航应由当前库 README、学习看板自动替代。,candidate,主题:搜索与回溯:搜索和回溯/BFS搜索/最短路径:readme,4
搜索和回溯/BFS搜索/最短路径/最少的骑士移动次数/问题1.0.0-最少的骑士移动次数.md,搜索和回溯,md,739,搜索与回溯,问题档案,,[1197],,false,待人工定位,仅作素材,P3-素材,与当前规范存在职责重叠或质量不稳定，保留为检索素材，不直接进入稳定层。,candidate,主题:最少的骑士移动次数,2
搜索和回溯/BFS搜索/最短路径/最少的骑士移动次数/题解2.0.0-最少的骑士移动次数.md,搜索和回溯,md,1631,搜索与回溯,题解档案,,[1197],,false,待人工定位,仅作素材,P3-素材,与当前规范存在职责重叠或质量不稳定，保留为检索素材，不直接进入稳定层。,candidate,主题:最少的骑士移动次数,2
搜索和回溯/BFS搜索/最短路径/网格可消除障碍的最短路径/问题1.0.0-网格可消除障碍的最短路径.md,搜索和回溯,md,599,搜索与回溯,问题档案,,[1293],,false,待人工定位,仅作素材,P3-素材,与当前规范存在职责重叠或质量不稳定，保留为检索素材，不直接进入稳定层。,candidate,主题:网格可消除障碍的最短路径,2
搜索和回溯/BFS搜索/最短路径/网格可消除障碍的最短路径/题解2.0.0-网格可消除障碍的最短路径.md,搜索和回溯,md,1802,搜索与回溯,题解档案,,[1293],,false,待人工定位,仅作素材,P3-素材,与当前规范存在职责重叠或质量不稳定，保留为检索素材，不直接进入稳定层。,candidate,主题:网格可消除障碍的最短路径,2
搜索和回溯/BFS搜索/最短路径/获取所有钥匙的最短路径/问题1.0.0-获取所有钥匙的最短路径.md,搜索和回溯,md,551,搜索与回溯,问题档案,,[864],,false,待人工定位,仅作素材,P3-素材,与当前规范存在职责重叠或质量不稳定，保留为检索素材，不直接进入稳定层。,candidate,主题:获取所有钥匙的最短路径,2
搜索和回溯/BFS搜索/最短路径/获取所有钥匙的最短路径/题解2.0.0-获取所有钥匙的最短路径.md,搜索和回溯,md,2328,搜索与回溯,题解档案,,[864],,false,待人工定位,仅作素材,P3-素材,与当前规范存在职责重叠或质量不稳定，保留为检索素材，不直接进入稳定层。,candidate,主题:获取所有钥匙的最短路径,2
搜索和回溯/BFS搜索/最短路径/蛇梯棋/问题1.0.0-蛇梯棋.md,搜索和回溯,md,637,搜索与回溯,问题档案,,[909],,false,待人工定位,仅作素材,P3-素材,与当前规范存在职责重叠或质量不稳定，保留为检索素材，不直接进入稳定层。,candidate,主题:蛇梯棋,2
搜索和回溯/BFS搜索/最短路径/蛇梯棋/题解2.0.0-蛇梯棋.md,搜索和回溯,md,1726,搜索与回溯,题解档案,,[909],,false,待人工定位,仅作素材,P3-素材,与当前规范存在职责重叠或质量不稳定，保留为检索素材，不直接进入稳定层。,candidate,主题:蛇梯棋,2
搜索和回溯/BFS搜索/最短路径/访问所有节点的最短路径/问题1.0.0-访问所有节点的最短路径.md,搜索和回溯,md,564,搜索与回溯,问题档案,,[847],,false,待人工定位,仅作素材,P3-素材,与当前规范存在职责重叠或质量不稳定，保留为检索素材，不直接进入稳定层。,candidate,主题:访问所有节点的最短路径,2
搜索和回溯/BFS搜索/最短路径/访问所有节点的最短路径/题解2.0.0-访问所有节点的最短路径.md,搜索和回溯,md,1588,搜索与回溯,题解档案,,[847],,false,待人工定位,仅作素材,P3-素材,与当前规范存在职责重叠或质量不稳定，保留为检索素材，不直接进入稳定层。,candidate,主题:访问所有节点的最短路径,2
搜索和回溯/BFS搜索/最短路径/迷宫 II/README.md,搜索和回溯,md,121,搜索与回溯,导航索引,,[],,false,待人工定位,归档,P4-归档,仅承担旧库导航或批量索引职责，稳定导航应由当前库 README、学习看板自动替代。,candidate,主题:搜索与回溯:搜索和回溯/BFS搜索/最短路径:readme,4
搜索和回溯/BFS搜索/最短路径/迷宫 II/问题1.0.0-迷宫 II.md,搜索和回溯,md,636,搜索与回溯,问题档案,,[505],,false,待人工定位,仅作素材,P3-素材,与当前规范存在职责重叠或质量不稳定，保留为检索素材，不直接进入稳定层。,candidate,主题:迷宫ii,2
搜索和回溯/BFS搜索/最短路径/迷宫 II/题解2.0.0-迷宫 II.md,搜索和回溯,md,1717,搜索与回溯,题解档案,,[505],,false,待人工定位,仅作素材,P3-素材,与当前规范存在职责重叠或质量不稳定，保留为检索素材，不直接进入稳定层。,candidate,主题:迷宫ii,2
搜索和回溯/BFS搜索/最短路径/迷宫 III/README.md,搜索和回溯,md,132,搜索与回溯,导航索引,,[],,false,待人工定位,归档,P4-归档,仅承担旧库导航或批量索引职责，稳定导航应由当前库 README、学习看板自动替代。,candidate,主题:搜索与回溯:搜索和回溯/BFS搜索/最短路径:readme,4
搜索和回溯/BFS搜索/最短路径/迷宫 III/问题1.0.0-迷宫 III.md,搜索和回溯,md,713,搜索与回溯,问题档案,,[499],,false,待人工定位,仅作素材,P3-素材,与当前规范存在职责重叠或质量不稳定，保留为检索素材，不直接进入稳定层。,candidate,主题:迷宫iii,2
搜索和回溯/BFS搜索/最短路径/迷宫 III/题解2.0.0-迷宫 III.md,搜索和回溯,md,2384,搜索与回溯,题解档案,,[499],,false,待人工定位,仅作素材,P3-素材,与当前规范存在职责重叠或质量不稳定，保留为检索素材，不直接进入稳定层。,candidate,主题:迷宫iii,2
搜索和回溯/BFS搜索/状态图/单词接龙 II/问题1.0.0-单词接龙 II.md,搜索和回溯,md,530,搜索与回溯,问题档案,,[126],,false,待人工定位,仅作素材,P3-素材,与当前规范存在职责重叠或质量不稳定，保留为检索素材，不直接进入稳定层。,candidate,主题:单词接龙ii,2
搜索和回溯/BFS搜索/状态图/单词接龙 II/题解2.0.0-单词接龙 II.md,搜索和回溯,md,3382,搜索与回溯,题解档案,,[126],,false,待人工定位,仅作素材,P3-素材,与当前规范存在职责重叠或质量不稳定，保留为检索素材，不直接进入稳定层。,candidate,主题:单词接龙ii,2
搜索和回溯/BFS搜索/状态图/单词接龙/问题1.0.0-单词接龙.md,搜索和回溯,md,593,搜索与回溯,问题档案,127,[127],单词接龙,true,题目/图与广度优先/127-Word-Ladder.md,仅作素材,P3-旧题素材,当前库已有完整标准题解，旧文档降为推导、错因和表达素材。,candidate,题:127,2
搜索和回溯/BFS搜索/状态图/单词接龙/题解2.0.0-单词接龙.md,搜索和回溯,md,1784,搜索与回溯,题解档案,127,[127],单词接龙,true,题目/图与广度优先/127-Word-Ladder.md,仅作素材,P3-旧题素材,当前库已有完整标准题解，旧文档降为推导、错因和表达素材。,candidate,题:127,2
搜索和回溯/BFS搜索/状态图/打开转盘锁/问题1.0.0-打开转盘锁.md,搜索和回溯,md,670,搜索与回溯,问题档案,,[752],,false,待人工定位,仅作素材,P3-素材,与当前规范存在职责重叠或质量不稳定，保留为检索素材，不直接进入稳定层。,candidate,主题:打开转盘锁,2
搜索和回溯/BFS搜索/状态图/打开转盘锁/题解2.0.0-打开转盘锁.md,搜索和回溯,md,1938,搜索与回溯,题解档案,,[752],,false,待人工定位,仅作素材,P3-素材,与当前规范存在职责重叠或质量不稳定，保留为检索素材，不直接进入稳定层。,candidate,主题:打开转盘锁,2
搜索和回溯/BFS搜索/状态图/推箱子/问题1.0.0-推箱子.md,搜索和回溯,md,759,搜索与回溯,问题档案,,[1263],,false,待人工定位,仅作素材,P3-素材,与当前规范存在职责重叠或质量不稳定，保留为检索素材，不直接进入稳定层。,candidate,主题:推箱子,2
搜索和回溯/BFS搜索/状态图/推箱子/题解2.0.0-推箱子.md,搜索和回溯,md,3301,搜索与回溯,题解档案,,[1263],,false,待人工定位,仅作素材,P3-素材,与当前规范存在职责重叠或质量不稳定，保留为检索素材，不直接进入稳定层。,candidate,主题:推箱子,2
搜索和回溯/BFS搜索/状态图/最小基因变化/问题1.0.0-最小基因变化.md,搜索和回溯,md,700,搜索与回溯,问题档案,,[433],,false,待人工定位,仅作素材,P3-素材,与当前规范存在职责重叠或质量不稳定，保留为检索素材，不直接进入稳定层。,candidate,主题:最小基因变化,2
搜索和回溯/BFS搜索/状态图/最小基因变化/题解2.0.0-最小基因变化.md,搜索和回溯,md,1976,搜索与回溯,题解档案,,[433],,false,待人工定位,仅作素材,P3-素材,与当前规范存在职责重叠或质量不稳定，保留为检索素材，不直接进入稳定层。,candidate,主题:最小基因变化,2
搜索和回溯/BFS搜索/状态图/滑动拼图/问题1.0.0-滑动拼图.md,搜索和回溯,md,530,搜索与回溯,问题档案,,[773],,false,待人工定位,仅作素材,P3-素材,与当前规范存在职责重叠或质量不稳定，保留为检索素材，不直接进入稳定层。,candidate,主题:滑动拼图,2
搜索和回溯/BFS搜索/状态图/滑动拼图/题解2.0.0-滑动拼图.md,搜索和回溯,md,2033,搜索与回溯,题解档案,,[773],,false,待人工定位,仅作素材,P3-素材,与当前规范存在职责重叠或质量不稳定，保留为检索素材，不直接进入稳定层。,candidate,主题:滑动拼图,2
搜索和回溯/BFS搜索/状态图/跳跃游戏 IV/问题1.0.0-跳跃游戏 IV.md,搜索和回溯,md,522,搜索与回溯,问题档案,,[1345],,false,待人工定位,仅作素材,P3-素材,与当前规范存在职责重叠或质量不稳定，保留为检索素材，不直接进入稳定层。,candidate,主题:跳跃游戏iv,2
搜索和回溯/BFS搜索/状态图/跳跃游戏 IV/题解2.0.0-跳跃游戏 IV.md,搜索和回溯,md,1725,搜索与回溯,题解档案,,[1345],,false,待人工定位,仅作素材,P3-素材,与当前规范存在职责重叠或质量不稳定，保留为检索素材，不直接进入稳定层。,candidate,主题:跳跃游戏iv,2
搜索和回溯/BFS搜索/距离问题/01矩阵/README.md,搜索和回溯,md,108,搜索与回溯,导航索引,,[],,false,待人工定位,归档,P4-归档,仅承担旧库导航或批量索引职责，稳定导航应由当前库 README、学习看板自动替代。,candidate,主题:搜索与回溯:搜索和回溯/BFS搜索/距离问题:readme,2
搜索和回溯/BFS搜索/距离问题/01矩阵/问题1.0.0-01矩阵.md,搜索和回溯,md,547,搜索与回溯,问题档案,,[542],,false,待人工定位,仅作素材,P3-素材,与当前规范存在职责重叠或质量不稳定，保留为检索素材，不直接进入稳定层。,candidate,主题:01矩阵,2
搜索和回溯/BFS搜索/距离问题/01矩阵/题解2.0.0-01矩阵.md,搜索和回溯,md,1365,搜索与回溯,题解档案,,[542],,false,待人工定位,仅作素材,P3-素材,与当前规范存在职责重叠或质量不稳定，保留为检索素材，不直接进入稳定层。,candidate,主题:01矩阵,2
搜索和回溯/BFS搜索/距离问题/地图分析/问题1.0.0-地图分析.md,搜索和回溯,md,544,搜索与回溯,问题档案,,[1162],,false,待人工定位,仅作素材,P3-素材,与当前规范存在职责重叠或质量不稳定，保留为检索素材，不直接进入稳定层。,candidate,主题:地图分析,2
搜索和回溯/BFS搜索/距离问题/地图分析/题解2.0.0-地图分析.md,搜索和回溯,md,1764,搜索与回溯,题解档案,,[1162],,false,待人工定位,仅作素材,P3-素材,与当前规范存在职责重叠或质量不稳定，保留为检索素材，不直接进入稳定层。,candidate,主题:地图分析,2
搜索和回溯/BFS搜索/距离问题/墙与门/README.md,搜索和回溯,md,116,搜索与回溯,导航索引,,[],,false,待人工定位,归档,P4-归档,仅承担旧库导航或批量索引职责，稳定导航应由当前库 README、学习看板自动替代。,candidate,主题:搜索与回溯:搜索和回溯/BFS搜索/距离问题:readme,2
搜索和回溯/BFS搜索/距离问题/墙与门/问题1.0.0-墙与门.md,搜索和回溯,md,667,搜索与回溯,问题档案,,[286],,false,待人工定位,仅作素材,P3-素材,与当前规范存在职责重叠或质量不稳定，保留为检索素材，不直接进入稳定层。,candidate,主题:墙与门,2
搜索和回溯/BFS搜索/距离问题/墙与门/题解2.0.0-墙与门.md,搜索和回溯,md,1281,搜索与回溯,题解档案,,[286],,false,待人工定位,仅作素材,P3-素材,与当前规范存在职责重叠或质量不稳定，保留为检索素材，不直接进入稳定层。,candidate,主题:墙与门,2
搜索和回溯/BFS搜索/问题1.0.0-删除无效的括号-BFS层次最优性与误区.md,搜索和回溯,md,2524,搜索与回溯,问题档案,,[301],,false,待人工定位,仅作素材,P3-素材,与当前规范存在职责重叠或质量不稳定，保留为检索素材，不直接进入稳定层。,candidate,主题:删除无效的括号bfs层次最优性与误区,1
搜索和回溯/BFS搜索/问题1.0.0-删除无效的括号.md,搜索和回溯,md,5484,搜索与回溯,问题档案,,[301],,false,待人工定位,仅作素材,P3-素材,与当前规范存在职责重叠或质量不稳定，保留为检索素材，不直接进入稳定层。,candidate,主题:删除无效的括号,7
搜索和回溯/BFS搜索/问题1.0.0-腐烂的橘子.md,搜索和回溯,md,1335,搜索与回溯,问题档案,,[],,false,待人工定位,仅作素材,P3-素材,与当前规范存在职责重叠或质量不稳定，保留为检索素材，不直接进入稳定层。,candidate,主题:腐烂的橘子,4
搜索和回溯/BFS搜索/题解2.0.0-删除无效的括号-BFS逐行解释.md,搜索和回溯,md,5756,搜索与回溯,题解档案,,[301],,false,待人工定位,仅作素材,P3-素材,与当前规范存在职责重叠或质量不稳定，保留为检索素材，不直接进入稳定层。,candidate,主题:删除无效的括号bfs,4
搜索和回溯/BFS搜索/题解2.0.0-删除无效的括号.md,搜索和回溯,md,10448,搜索与回溯,题解档案,,"[20, 22, 32, 1249]",,false,待人工定位,仅作素材,P3-素材,与当前规范存在职责重叠或质量不稳定，保留为检索素材，不直接进入稳定层。,candidate,主题:删除无效的括号,7
搜索和回溯/BFS搜索/题解2.0.0-腐烂的橘子.md,搜索和回溯,md,2230,搜索与回溯,题解档案,,[],,false,待人工定位,仅作素材,P3-素材,与当前规范存在职责重叠或质量不稳定，保留为检索素材，不直接进入稳定层。,candidate,主题:腐烂的橘子,4
搜索和回溯/DFS搜索/岛屿问题/封闭岛屿的数量/问题1.0.0-封闭岛屿的数量.md,搜索和回溯,md,555,搜索与回溯,问题档案,,[1254],,false,待人工定位,仅作素材,P3-素材,与当前规范存在职责重叠或质量不稳定，保留为检索素材，不直接进入稳定层。,candidate,主题:封闭岛屿的数量,2
搜索和回溯/DFS搜索/岛屿问题/封闭岛屿的数量/题解2.0.0-封闭岛屿的数量.md,搜索和回溯,md,1548,搜索与回溯,题解档案,,[1254],,false,待人工定位,仅作素材,P3-素材,与当前规范存在职责重叠或质量不稳定，保留为检索素材，不直接进入稳定层。,candidate,主题:封闭岛屿的数量,2
搜索和回溯/DFS搜索/岛屿问题/岛屿数量/README.md,搜索和回溯,md,135,搜索与回溯,导航索引,,[],,false,待人工定位,归档,P4-归档,仅承担旧库导航或批量索引职责，稳定导航应由当前库 README、学习看板自动替代。,candidate,主题:搜索与回溯:搜索和回溯/DFS搜索/岛屿问题:readme,2
搜索和回溯/DFS搜索/岛屿问题/岛屿数量/问题1.0.0-岛屿数量.md,搜索和回溯,md,646,搜索与回溯,问题档案,200,[200],岛屿数量,true,题目/图与搜索/200-Number-of-Islands.md,仅作素材,P3-旧题素材,当前库已有完整标准题解，旧文档降为推导、错因和表达素材。,candidate,题:200,7
搜索和回溯/DFS搜索/岛屿问题/岛屿数量/题解2.0.0-岛屿数量.md,搜索和回溯,md,1176,搜索与回溯,题解档案,200,[200],岛屿数量,true,题目/图与搜索/200-Number-of-Islands.md,仅作素材,P3-旧题素材,当前库已有完整标准题解，旧文档降为推导、错因和表达素材。,candidate,题:200,7
搜索和回溯/DFS搜索/岛屿问题/岛屿最大面积/README.md,搜索和回溯,md,143,搜索与回溯,导航索引,,[],,false,待人工定位,归档,P4-归档,仅承担旧库导航或批量索引职责，稳定导航应由当前库 README、学习看板自动替代。,candidate,主题:搜索与回溯:搜索和回溯/DFS搜索/岛屿问题:readme,2
搜索和回溯/DFS搜索/岛屿问题/岛屿最大面积/问题1.0.0-岛屿最大面积.md,搜索和回溯,md,580,搜索与回溯,问题档案,,[695],,false,待人工定位,仅作素材,P3-素材,与当前规范存在职责重叠或质量不稳定，保留为检索素材，不直接进入稳定层。,candidate,主题:岛屿最大面积,2
搜索和回溯/DFS搜索/岛屿问题/岛屿最大面积/题解2.0.0-岛屿最大面积.md,搜索和回溯,md,1180,搜索与回溯,题解档案,,[695],,false,待人工定位,仅作素材,P3-素材,与当前规范存在职责重叠或质量不稳定，保留为检索素材，不直接进入稳定层。,candidate,主题:岛屿最大面积,2
搜索和回溯/DFS搜索/岛屿问题/问题1.0.0-岛屿数量.md,搜索和回溯,md,794,搜索与回溯,问题档案,200,[200],岛屿数量,true,题目/图与搜索/200-Number-of-Islands.md,仅作素材,P3-旧题素材,当前库已有完整标准题解，旧文档降为推导、错因和表达素材。,candidate,题:200,7
搜索和回溯/DFS搜索/岛屿问题/问题1.0.0-岛屿的最大面积.md,搜索和回溯,md,581,搜索与回溯,问题档案,,[695],,false,待人工定位,仅作素材,P3-素材,与当前规范存在职责重叠或质量不稳定，保留为检索素材，不直接进入稳定层。,candidate,主题:岛屿的最大面积,2
搜索和回溯/DFS搜索/岛屿问题/题解2.0.0-岛屿数量.md,搜索和回溯,md,3451,搜索与回溯,题解档案,200,[200],岛屿数量,true,题目/图与搜索/200-Number-of-Islands.md,仅作素材,P3-旧题素材,当前库已有完整标准题解，旧文档降为推导、错因和表达素材。,candidate,题:200,7
搜索和回溯/DFS搜索/岛屿问题/题解2.0.0-岛屿的最大面积.md,搜索和回溯,md,2259,搜索与回溯,题解档案,,[695],,false,待人工定位,仅作素材,P3-素材,与当前规范存在职责重叠或质量不稳定，保留为检索素材，不直接进入稳定层。,candidate,主题:岛屿的最大面积,2
搜索和回溯/DFS搜索/岛屿问题/飞地的数量/问题1.0.0-飞地的数量.md,搜索和回溯,md,579,搜索与回溯,问题档案,,[1020],,false,待人工定位,仅作素材,P3-素材,与当前规范存在职责重叠或质量不稳定，保留为检索素材，不直接进入稳定层。,candidate,主题:飞地的数量,2
搜索和回溯/DFS搜索/岛屿问题/飞地的数量/题解2.0.0-飞地的数量.md,搜索和回溯,md,1900,搜索与回溯,题解档案,,[1020],,false,待人工定位,仅作素材,P3-素材,与当前规范存在职责重叠或质量不稳定，保留为检索素材，不直接进入稳定层。,candidate,主题:飞地的数量,2
搜索和回溯/DFS搜索/扫雷问题/扫雷/README.md,搜索和回溯,md,122,搜索与回溯,导航索引,,[],,false,待人工定位,归档,P4-归档,仅承担旧库导航或批量索引职责，稳定导航应由当前库 README、学习看板自动替代。,candidate,主题:搜索与回溯:搜索和回溯/DFS搜索/扫雷问题:readme,1
搜索和回溯/DFS搜索/扫雷问题/扫雷/问题1.0.0-扫雷.md,搜索和回溯,md,604,搜索与回溯,问题档案,,[529],,false,待人工定位,仅作素材,P3-素材,与当前规范存在职责重叠或质量不稳定，保留为检索素材，不直接进入稳定层。,candidate,主题:扫雷,2
搜索和回溯/DFS搜索/扫雷问题/扫雷/题解2.0.0-扫雷.md,搜索和回溯,md,1478,搜索与回溯,题解档案,,[529],,false,待人工定位,仅作素材,P3-素材,与当前规范存在职责重叠或质量不稳定，保留为检索素材，不直接进入稳定层。,candidate,主题:扫雷,2
搜索和回溯/DFS搜索/扫雷问题/问题1.0.0-扫雷游戏.md,搜索和回溯,md,656,搜索与回溯,问题档案,,[529],,false,待人工定位,仅作素材,P3-素材,与当前规范存在职责重叠或质量不稳定，保留为检索素材，不直接进入稳定层。,candidate,主题:扫雷游戏,2
搜索和回溯/DFS搜索/扫雷问题/题解2.0.0-扫雷游戏.md,搜索和回溯,md,1703,搜索与回溯,题解档案,,[529],,false,待人工定位,仅作素材,P3-素材,与当前规范存在职责重叠或质量不稳定，保留为检索素材，不直接进入稳定层。,candidate,主题:扫雷游戏,2
搜索和回溯/DFS搜索/桥与连接/最短的桥/问题1.0.0-最短的桥.md,搜索和回溯,md,593,搜索与回溯,问题档案,,[934],,false,待人工定位,仅作素材,P3-素材,与当前规范存在职责重叠或质量不稳定，保留为检索素材，不直接进入稳定层。,candidate,主题:最短的桥,2
搜索和回溯/DFS搜索/桥与连接/最短的桥/题解2.0.0-最短的桥.md,搜索和回溯,md,2062,搜索与回溯,题解档案,,[934],,false,待人工定位,仅作素材,P3-素材,与当前规范存在职责重叠或质量不稳定，保留为检索素材，不直接进入稳定层。,candidate,主题:最短的桥,2
搜索和回溯/DFS搜索/桥与连接/网络中的关键连接/README.md,搜索和回溯,md,146,搜索与回溯,导航索引,,[],,false,待人工定位,归档,P4-归档,仅承担旧库导航或批量索引职责，稳定导航应由当前库 README、学习看板自动替代。,candidate,主题:搜索与回溯:搜索和回溯/DFS搜索/桥与连接:readme,1
搜索和回溯/DFS搜索/桥与连接/网络中的关键连接/问题1.0.0-网络中的关键连接.md,搜索和回溯,md,731,搜索与回溯,问题档案,,[1192],,false,待人工定位,仅作素材,P3-素材,与当前规范存在职责重叠或质量不稳定，保留为检索素材，不直接进入稳定层。,candidate,主题:网络中的关键连接,2
搜索和回溯/DFS搜索/桥与连接/网络中的关键连接/题解2.0.0-网络中的关键连接.md,搜索和回溯,md,1664,搜索与回溯,题解档案,,[1192],,false,待人工定位,仅作素材,P3-素材,与当前规范存在职责重叠或质量不稳定，保留为检索素材，不直接进入稳定层。,candidate,主题:网络中的关键连接,2
搜索和回溯/DFS搜索/水流问题/太平洋大西洋水流/README.md,搜索和回溯,md,158,搜索与回溯,导航索引,,[],,false,待人工定位,归档,P4-归档,仅承担旧库导航或批量索引职责，稳定导航应由当前库 README、学习看板自动替代。,candidate,主题:搜索与回溯:搜索和回溯/DFS搜索/水流问题:readme,1
搜索和回溯/DFS搜索/水流问题/太平洋大西洋水流/问题1.0.0-太平洋大西洋水流.md,搜索和回溯,md,736,搜索与回溯,问题档案,,[417],,false,待人工定位,仅作素材,P3-素材,与当前规范存在职责重叠或质量不稳定，保留为检索素材，不直接进入稳定层。,candidate,主题:太平洋大西洋水流,2
搜索和回溯/DFS搜索/水流问题/太平洋大西洋水流/题解2.0.0-太平洋大西洋水流.md,搜索和回溯,md,1524,搜索与回溯,题解档案,,[417],,false,待人工定位,仅作素材,P3-素材,与当前规范存在职责重叠或质量不稳定，保留为检索素材，不直接进入稳定层。,candidate,主题:太平洋大西洋水流,2
搜索和回溯/DFS搜索/水流问题/问题1.0.0-太平洋大西洋水流问题.md,搜索和回溯,md,734,搜索与回溯,问题档案,,[417],,false,待人工定位,仅作素材,P3-素材,与当前规范存在职责重叠或质量不稳定，保留为检索素材，不直接进入稳定层。,candidate,主题:太平洋大西洋水流问题,2
搜索和回溯/DFS搜索/水流问题/题解2.0.0-太平洋大西洋水流问题.md,搜索和回溯,md,3254,搜索与回溯,题解档案,,[417],,false,待人工定位,仅作素材,P3-素材,与当前规范存在职责重叠或质量不稳定，保留为检索素材，不直接进入稳定层。,candidate,主题:太平洋大西洋水流问题,2
搜索和回溯/DFS搜索/涂色与淹没/图像渲染/README.md,搜索和回溯,md,129,搜索与回溯,导航索引,,[],,false,待人工定位,归档,P4-归档,仅承担旧库导航或批量索引职责，稳定导航应由当前库 README、学习看板自动替代。,candidate,主题:搜索与回溯:搜索和回溯/DFS搜索/涂色与淹没:readme,1
搜索和回溯/DFS搜索/涂色与淹没/图像渲染/问题1.0.0-图像渲染.md,搜索和回溯,md,660,搜索与回溯,问题档案,,[733],,false,待人工定位,仅作素材,P3-素材,与当前规范存在职责重叠或质量不稳定，保留为检索素材，不直接进入稳定层。,candidate,主题:图像渲染,2
搜索和回溯/DFS搜索/涂色与淹没/图像渲染/题解2.0.0-图像渲染.md,搜索和回溯,md,1042,搜索与回溯,题解档案,,[733],,false,待人工定位,仅作素材,P3-素材,与当前规范存在职责重叠或质量不稳定，保留为检索素材，不直接进入稳定层。,candidate,主题:图像渲染,2
搜索和回溯/DFS搜索/被围绕的区域/被围绕的区域/README.md,搜索和回溯,md,128,搜索与回溯,导航索引,,[],,false,待人工定位,归档,P4-归档,仅承担旧库导航或批量索引职责，稳定导航应由当前库 README、学习看板自动替代。,candidate,主题:搜索与回溯:搜索和回溯/DFS搜索/被围绕的区域:readme,1
搜索和回溯/DFS搜索/被围绕的区域/被围绕的区域/问题1.0.0-被围绕的区域.md,搜索和回溯,md,661,搜索与回溯,问题档案,,[130],,false,待人工定位,仅作素材,P3-素材,与当前规范存在职责重叠或质量不稳定，保留为检索素材，不直接进入稳定层。,candidate,主题:被围绕的区域,4
搜索和回溯/DFS搜索/被围绕的区域/被围绕的区域/题解2.0.0-被围绕的区域.md,搜索和回溯,md,1444,搜索与回溯,题解档案,,[130],,false,待人工定位,仅作素材,P3-素材,与当前规范存在职责重叠或质量不稳定，保留为检索素材，不直接进入稳定层。,candidate,主题:被围绕的区域,4
搜索和回溯/DFS搜索/被围绕的区域/问题1.0.0-被围绕的区域.md,搜索和回溯,md,744,搜索与回溯,问题档案,,[130],,false,待人工定位,仅作素材,P3-素材,与当前规范存在职责重叠或质量不稳定，保留为检索素材，不直接进入稳定层。,candidate,主题:被围绕的区域,4
搜索和回溯/DFS搜索/被围绕的区域/题解2.0.0-被围绕的区域.md,搜索和回溯,md,2900,搜索与回溯,题解档案,,[130],,false,待人工定位,仅作素材,P3-素材,与当前规范存在职责重叠或质量不稳定，保留为检索素材，不直接进入稳定层。,candidate,主题:被围绕的区域,4
搜索和回溯/DFS搜索/路径枚举/不同路径 III/README.md,搜索和回溯,md,148,搜索与回溯,导航索引,,[],,false,待人工定位,归档,P4-归档,仅承担旧库导航或批量索引职责，稳定导航应由当前库 README、学习看板自动替代。,candidate,主题:搜索与回溯:搜索和回溯/DFS搜索/路径枚举:readme,1
搜索和回溯/DFS搜索/路径枚举/不同路径 III/问题1.0.0-不同路径 III.md,搜索和回溯,md,698,搜索与回溯,问题档案,,[980],,false,待人工定位,仅作素材,P3-素材,与当前规范存在职责重叠或质量不稳定，保留为检索素材，不直接进入稳定层。,candidate,主题:不同路径iii,2
搜索和回溯/DFS搜索/路径枚举/不同路径 III/题解2.0.0-不同路径 III.md,搜索和回溯,md,1763,搜索与回溯,题解档案,,[980],,false,待人工定位,仅作素材,P3-素材,与当前规范存在职责重叠或质量不稳定，保留为检索素材，不直接进入稳定层。,candidate,主题:不同路径iii,2
搜索和回溯/DFS搜索/问题1.0.0-单词搜索.md,搜索和回溯,md,4213,搜索与回溯,问题档案,79,[79],单词搜索,true,题目/回溯/79-Word-Search.md,仅作素材,P3-旧题素材,当前库已有完整标准题解，旧文档降为推导、错因和表达素材。,candidate,题:79,5
搜索和回溯/DFS搜索/问题1.0.0-岛屿数量.md,搜索和回溯,md,4294,搜索与回溯,问题档案,200,[200],岛屿数量,true,题目/图与搜索/200-Number-of-Islands.md,仅作素材,P3-旧题素材,当前库已有完整标准题解，旧文档降为推导、错因和表达素材。,candidate,题:200,7
搜索和回溯/DFS搜索/题解2.0.0-单词搜索.md,搜索和回溯,md,9247,搜索与回溯,题解档案,79,"[79, 130, 200, 417]",单词搜索,true,题目/回溯/79-Word-Search.md,仅作素材,P3-旧题素材,当前库已有完整标准题解，旧文档降为推导、错因和表达素材。,candidate,题:79,5
搜索和回溯/DFS搜索/题解2.0.0-岛屿数量.md,搜索和回溯,md,8530,搜索与回溯,题解档案,200,"[130, 200, 417, 463, 695]",岛屿数量,true,题目/图与搜索/200-Number-of-Islands.md,仅作素材,P3-旧题素材,当前库已有完整标准题解，旧文档降为推导、错因和表达素材。,candidate,题:200,7
搜索和回溯/LeetCode热题100搜索回溯专题分类指南.md,搜索和回溯,md,7462,搜索与回溯,通用原理与方法论,,[],,false,待定：02-概念专题/搜索与回溯.md,改写后迁移,P0-通用模型,跨题通用原理或方法论，适合改写为概念卡、核心模型、建模专题或 Java 速查，不直接复制。,candidate,主题:leetcode热题100搜索回溯专题分类指南,1
搜索和回溯/index.md,搜索和回溯,md,18825,搜索与回溯,导航索引,,"[20, 32, 42, 84, 85, 94, 96, 150, 155, 215, 224, 232, 234, 341, 394, 496, 636, 739, 1249]",,false,待人工定位,归档,P4-归档,仅承担旧库导航或批量索引职责，稳定导航应由当前库 README、学习看板自动替代。,candidate,主题:搜索与回溯:搜索和回溯:index,1
搜索和回溯/动态规划搜索/TargetSumBacktrack.java,搜索和回溯,java,9705,搜索与回溯,旧版Java实现,,[494],,false,待人工定位,仅作素材,P3-素材,与当前规范存在职责重叠或质量不稳定，保留为检索素材，不直接进入稳定层。,candidate,主题:targetsumbacktrack,1
搜索和回溯/动态规划搜索/TargetSumDP.java,搜索和回溯,java,13600,搜索与回溯,旧版Java实现,,[494],,false,待人工定位,仅作素材,P3-素材,与当前规范存在职责重叠或质量不稳定，保留为检索素材，不直接进入稳定层。,candidate,主题:targetsumdp,1
搜索和回溯/动态规划搜索/TargetSumMemo.java,搜索和回溯,java,17388,搜索与回溯,旧版Java实现,,[494],,false,待人工定位,仅作素材,P3-素材,与当前规范存在职责重叠或质量不稳定，保留为检索素材，不直接进入稳定层。,candidate,主题:targetsummemo,1
搜索和回溯/动态规划搜索/问题1.0.0-目标和.md,搜索和回溯,md,4192,搜索与回溯,问题档案,494,[494],目标和,false,待建：题目/<主题型>/494-<English-Title>.md,改写后迁移,P0-独有题,当前库缺失该题，可进入候选批次，但必须先补官方事实、本地示例、权威 Java 与校验。,candidate,题:494,5
搜索和回溯/动态规划搜索/题解2.0.0-目标和.md,搜索和回溯,md,8474,搜索与回溯,题解档案,494,"[416, 474, 494, 518, 1049]",目标和,false,待建：题目/<主题型>/494-<English-Title>.md,改写后迁移,P0-独有题,当前库缺失该题，可进入候选批次，但必须先补官方事实、本地示例、权威 Java 与校验。,candidate,题:494,5
搜索和回溯/回溯构造/分割回文串 II/问题1.0.0-分割回文串 II.md,搜索和回溯,md,660,搜索与回溯,问题档案,,[132],,false,待人工定位,仅作素材,P3-素材,与当前规范存在职责重叠或质量不稳定，保留为检索素材，不直接进入稳定层。,candidate,主题:分割回文串ii,2
搜索和回溯/回溯构造/分割回文串 II/题解2.0.0-分割回文串 II.md,搜索和回溯,md,1578,搜索与回溯,题解档案,,[132],,false,待人工定位,仅作素材,P3-素材,与当前规范存在职责重叠或质量不稳定，保留为检索素材，不直接进入稳定层。,candidate,主题:分割回文串ii,2
搜索和回溯/回溯构造/括号/Java实现-BFS删除无效括号.java,搜索和回溯,java,3844,搜索与回溯,旧版Java实现,,[301],,false,待人工定位,仅作素材,P3-素材,与当前规范存在职责重叠或质量不稳定，保留为检索素材，不直接进入稳定层。,candidate,主题:java实现bfs删除无效括号,1
搜索和回溯/回溯构造/括号/删除无效的括号/问题1.0.0-删除无效的括号.md,搜索和回溯,md,773,搜索与回溯,问题档案,,[301],,false,待人工定位,仅作素材,P3-素材,与当前规范存在职责重叠或质量不稳定，保留为检索素材，不直接进入稳定层。,candidate,主题:删除无效的括号,7
搜索和回溯/回溯构造/括号/删除无效的括号/题解2.0.0-删除无效的括号.md,搜索和回溯,md,2151,搜索与回溯,题解档案,,[301],,false,待人工定位,仅作素材,P3-素材,与当前规范存在职责重叠或质量不稳定，保留为检索素材，不直接进入稳定层。,candidate,主题:删除无效的括号,7
搜索和回溯/回溯构造/括号/问题1.0.0-删除无效的括号-问题分析.md,搜索和回溯,md,3006,搜索与回溯,问题档案,,[],,false,待人工定位,仅作素材,P3-素材,与当前规范存在职责重叠或质量不稳定，保留为检索素材，不直接进入稳定层。,candidate,主题:删除无效的括号问题分析,1
搜索和回溯/回溯构造/括号/问题1.0.0-删除无效的括号.md,搜索和回溯,md,4059,搜索与回溯,问题档案,,"[22, 301, 1249]",,false,待人工定位,仅作素材,P3-素材,与当前规范存在职责重叠或质量不稳定，保留为检索素材，不直接进入稳定层。,candidate,主题:删除无效的括号,7
搜索和回溯/回溯构造/括号/题解2.0.0-删除无效的括号-BFS完整实现.md,搜索和回溯,md,9427,搜索与回溯,题解档案,,"[20, 22, 32, 1249]",,false,待人工定位,仅作素材,P3-素材,与当前规范存在职责重叠或质量不稳定，保留为检索素材，不直接进入稳定层。,candidate,主题:删除无效的括号bfs,4
搜索和回溯/回溯构造/括号/题解2.0.0-删除无效的括号-BFS层序搜索.md,搜索和回溯,md,3825,搜索与回溯,题解档案,,[22],,false,待人工定位,仅作素材,P3-素材,与当前规范存在职责重叠或质量不稳定，保留为检索素材，不直接进入稳定层。,candidate,主题:删除无效的括号bfs,4
搜索和回溯/回溯构造/括号/题解2.0.0-删除无效的括号-BFS层级搜索.md,搜索和回溯,md,3228,搜索与回溯,题解档案,,[],,false,待人工定位,仅作素材,P3-素材,与当前规范存在职责重叠或质量不稳定，保留为检索素材，不直接进入稳定层。,candidate,主题:删除无效的括号bfs,4
搜索和回溯/回溯构造/括号/题解2.0.0-删除无效的括号-DFS剪枝回溯.md,搜索和回溯,md,4509,搜索与回溯,题解档案,,[22],,false,待人工定位,仅作素材,P3-素材,与当前规范存在职责重叠或质量不稳定，保留为检索素材，不直接进入稳定层。,candidate,主题:删除无效的括号,7
搜索和回溯/回溯构造/括号/题解2.0.0-删除无效的括号-回溯计数法.md,搜索和回溯,md,3644,搜索与回溯,题解档案,,[],,false,待人工定位,仅作素材,P3-素材,与当前规范存在职责重叠或质量不稳定，保留为检索素材，不直接进入稳定层。,candidate,主题:删除无效的括号,7
搜索和回溯/图论算法/可达性/跳跃游戏 III/问题1.0.0-跳跃游戏 III.md,搜索和回溯,md,507,搜索与回溯,问题档案,,[1306],,false,待人工定位,仅作素材,P3-素材,与当前规范存在职责重叠或质量不稳定，保留为检索素材，不直接进入稳定层。,candidate,主题:跳跃游戏iii,2
搜索和回溯/图论算法/可达性/跳跃游戏 III/题解2.0.0-跳跃游戏 III.md,搜索和回溯,md,1242,搜索与回溯,题解档案,,[1306],,false,待人工定位,仅作素材,P3-素材,与当前规范存在职责重叠或质量不稳定，保留为检索素材，不直接进入稳定层。,candidate,主题:跳跃游戏iii,2
搜索和回溯/图论算法/可达性/迷宫 I/README.md,搜索和回溯,md,126,搜索与回溯,导航索引,,[],,false,待人工定位,归档,P4-归档,仅承担旧库导航或批量索引职责，稳定导航应由当前库 README、学习看板自动替代。,candidate,主题:搜索与回溯:搜索和回溯/图论算法/可达性:readme,2
搜索和回溯/图论算法/可达性/迷宫 I/问题1.0.0-迷宫 I.md,搜索和回溯,md,671,搜索与回溯,问题档案,,[490],,false,待人工定位,仅作素材,P3-素材,与当前规范存在职责重叠或质量不稳定，保留为检索素材，不直接进入稳定层。,candidate,主题:迷宫i,2
搜索和回溯/图论算法/可达性/迷宫 I/题解2.0.0-迷宫 I.md,搜索和回溯,md,1527,搜索与回溯,题解档案,,[490],,false,待人工定位,仅作素材,P3-素材,与当前规范存在职责重叠或质量不稳定，保留为检索素材，不直接进入稳定层。,candidate,主题:迷宫i,2
搜索和回溯/图论算法/可达性/钥匙和房间/README.md,搜索和回溯,md,134,搜索与回溯,导航索引,,[],,false,待人工定位,归档,P4-归档,仅承担旧库导航或批量索引职责，稳定导航应由当前库 README、学习看板自动替代。,candidate,主题:搜索与回溯:搜索和回溯/图论算法/可达性:readme,2
搜索和回溯/图论算法/可达性/钥匙和房间/问题1.0.0-钥匙和房间.md,搜索和回溯,md,589,搜索与回溯,问题档案,,[841],,false,待人工定位,仅作素材,P3-素材,与当前规范存在职责重叠或质量不稳定，保留为检索素材，不直接进入稳定层。,candidate,主题:钥匙和房间,4
搜索和回溯/图论算法/可达性/钥匙和房间/题解2.0.0-钥匙和房间.md,搜索和回溯,md,908,搜索与回溯,题解档案,,[841],,false,待人工定位,仅作素材,P3-素材,与当前规范存在职责重叠或质量不稳定，保留为检索素材，不直接进入稳定层。,candidate,主题:钥匙和房间,4
搜索和回溯/图论算法/可达性/问题1.0.0-钥匙和房间.md,搜索和回溯,md,513,搜索与回溯,问题档案,,[841],,false,待人工定位,仅作素材,P3-素材,与当前规范存在职责重叠或质量不稳定，保留为检索素材，不直接进入稳定层。,candidate,主题:钥匙和房间,4
搜索和回溯/图论算法/可达性/除法求值/问题1.0.0-除法求值.md,搜索和回溯,md,632,搜索与回溯,问题档案,399,[399],除法求值,false,待建：题目/<主题型>/399-<English-Title>.md,改写后迁移,P0-独有题,当前库缺失该题，可进入候选批次，但必须先补官方事实、本地示例、权威 Java 与校验。,candidate,题:399,3
搜索和回溯/图论算法/可达性/除法求值/题解2.0.0-除法求值.md,搜索和回溯,md,2296,搜索与回溯,题解档案,399,[399],除法求值,false,待建：题目/<主题型>/399-<English-Title>.md,改写后迁移,P0-独有题,当前库缺失该题，可进入候选批次，但必须先补官方事实、本地示例、权威 Java 与校验。,candidate,题:399,3
搜索和回溯/图论算法/可达性/题解2.0.0-钥匙和房间.md,搜索和回溯,md,1698,搜索与回溯,题解档案,,[841],,false,待人工定位,仅作素材,P3-素材,与当前规范存在职责重叠或质量不稳定，保留为检索素材，不直接进入稳定层。,candidate,主题:钥匙和房间,4
搜索和回溯/图论算法/图的性质/不相邻植花/README.md,搜索和回溯,md,134,搜索与回溯,导航索引,,[],,false,待人工定位,归档,P4-归档,仅承担旧库导航或批量索引职责，稳定导航应由当前库 README、学习看板自动替代。,candidate,主题:搜索与回溯:搜索和回溯/图论算法/图的性质:readme,5
搜索和回溯/图论算法/图的性质/不相邻植花/问题1.0.0-不相邻植花.md,搜索和回溯,md,737,搜索与回溯,问题档案,,[1042],,false,待人工定位,仅作素材,P3-素材,与当前规范存在职责重叠或质量不稳定，保留为检索素材，不直接进入稳定层。,candidate,主题:不相邻植花,2
搜索和回溯/图论算法/图的性质/不相邻植花/题解2.0.0-不相邻植花.md,搜索和回溯,md,1060,搜索与回溯,题解档案,,[1042],,false,待人工定位,仅作素材,P3-素材,与当前规范存在职责重叠或质量不稳定，保留为检索素材，不直接进入稳定层。,candidate,主题:不相邻植花,2
搜索和回溯/图论算法/图的性质/二分图判定/README.md,搜索和回溯,md,129,搜索与回溯,导航索引,,[],,false,待人工定位,归档,P4-归档,仅承担旧库导航或批量索引职责，稳定导航应由当前库 README、学习看板自动替代。,candidate,主题:搜索与回溯:搜索和回溯/图论算法/图的性质:readme,5
搜索和回溯/图论算法/图的性质/二分图判定/问题1.0.0-二分图判定.md,搜索和回溯,md,667,搜索与回溯,问题档案,,[785],,false,待人工定位,仅作素材,P3-素材,与当前规范存在职责重叠或质量不稳定，保留为检索素材，不直接进入稳定层。,candidate,主题:二分图判定,2
搜索和回溯/图论算法/图的性质/二分图判定/题解2.0.0-二分图判定.md,搜索和回溯,md,1194,搜索与回溯,题解档案,,[785],,false,待人工定位,仅作素材,P3-素材,与当前规范存在职责重叠或质量不稳定，保留为检索素材，不直接进入稳定层。,candidate,主题:二分图判定,2
搜索和回溯/图论算法/图的性质/克隆图/问题1.0.0-克隆图.md,搜索和回溯,md,515,搜索与回溯,问题档案,,[133],,false,待人工定位,仅作素材,P3-素材,与当前规范存在职责重叠或质量不稳定，保留为检索素材，不直接进入稳定层。,candidate,主题:克隆图,2
搜索和回溯/图论算法/图的性质/克隆图/题解2.0.0-克隆图.md,搜索和回溯,md,1279,搜索与回溯,题解档案,,[133],,false,待人工定位,仅作素材,P3-素材,与当前规范存在职责重叠或质量不稳定，保留为检索素材，不直接进入稳定层。,candidate,主题:克隆图,2
搜索和回溯/图论算法/图的性质/可能的二分法/README.md,搜索和回溯,md,135,搜索与回溯,导航索引,,[],,false,待人工定位,归档,P4-归档,仅承担旧库导航或批量索引职责，稳定导航应由当前库 README、学习看板自动替代。,candidate,主题:搜索与回溯:搜索和回溯/图论算法/图的性质:readme,5
搜索和回溯/图论算法/图的性质/可能的二分法/问题1.0.0-可能的二分法.md,搜索和回溯,md,767,搜索与回溯,问题档案,,[886],,false,待人工定位,仅作素材,P3-素材,与当前规范存在职责重叠或质量不稳定，保留为检索素材，不直接进入稳定层。,candidate,主题:可能的二分法,2
搜索和回溯/图论算法/图的性质/可能的二分法/题解2.0.0-可能的二分法.md,搜索和回溯,md,1629,搜索与回溯,题解档案,,[886],,false,待人工定位,仅作素材,P3-素材,与当前规范存在职责重叠或质量不稳定，保留为检索素材，不直接进入稳定层。,candidate,主题:可能的二分法,2
搜索和回溯/图论算法/图的性质/寻找名人/问题1.0.0-寻找名人.md,搜索和回溯,md,582,搜索与回溯,问题档案,,[277],,false,待人工定位,仅作素材,P3-素材,与当前规范存在职责重叠或质量不稳定，保留为检索素材，不直接进入稳定层。,candidate,主题:寻找名人,2
搜索和回溯/图论算法/图的性质/寻找名人/题解2.0.0-寻找名人.md,搜索和回溯,md,1118,搜索与回溯,题解档案,,[277],,false,待人工定位,仅作素材,P3-素材,与当前规范存在职责重叠或质量不稳定，保留为检索素材，不直接进入稳定层。,candidate,主题:寻找名人,2
搜索和回溯/图论算法/图的性质/小镇法官/README.md,搜索和回溯,md,126,搜索与回溯,导航索引,,[],,false,待人工定位,归档,P4-归档,仅承担旧库导航或批量索引职责，稳定导航应由当前库 README、学习看板自动替代。,candidate,主题:搜索与回溯:搜索和回溯/图论算法/图的性质:readme,5
搜索和回溯/图论算法/图的性质/小镇法官/问题1.0.0-小镇法官.md,搜索和回溯,md,676,搜索与回溯,问题档案,,[997],,false,待人工定位,仅作素材,P3-素材,与当前规范存在职责重叠或质量不稳定，保留为检索素材，不直接进入稳定层。,candidate,主题:小镇法官,2
搜索和回溯/图论算法/图的性质/小镇法官/题解2.0.0-小镇法官.md,搜索和回溯,md,854,搜索与回溯,题解档案,,[997],,false,待人工定位,仅作素材,P3-素材,与当前规范存在职责重叠或质量不稳定，保留为检索素材，不直接进入稳定层。,candidate,主题:小镇法官,2
搜索和回溯/图论算法/图的性质/最终安全状态/README.md,搜索和回溯,md,155,搜索与回溯,导航索引,,[],,false,待人工定位,归档,P4-归档,仅承担旧库导航或批量索引职责，稳定导航应由当前库 README、学习看板自动替代。,candidate,主题:搜索与回溯:搜索和回溯/图论算法/图的性质:readme,5
搜索和回溯/图论算法/图的性质/最终安全状态/问题1.0.0-最终安全状态.md,搜索和回溯,md,1025,搜索与回溯,问题档案,,[802],,false,待人工定位,仅作素材,P3-素材,与当前规范存在职责重叠或质量不稳定，保留为检索素材，不直接进入稳定层。,candidate,主题:最终安全状态,2
搜索和回溯/图论算法/图的性质/最终安全状态/题解2.0.0-最终安全状态.md,搜索和回溯,md,1818,搜索与回溯,题解档案,,[802],,false,待人工定位,仅作素材,P3-素材,与当前规范存在职责重叠或质量不稳定，保留为检索素材，不直接进入稳定层。,candidate,主题:最终安全状态,2
搜索和回溯/图论算法/图的性质/问题1.0.0-入度与出度是什么.md,搜索和回溯,md,3760,搜索与回溯,问题档案,,[207],,false,待人工定位,仅作素材,P3-素材,与当前规范存在职责重叠或质量不稳定，保留为检索素材，不直接进入稳定层。,candidate,主题:入度与出度是什么,1
搜索和回溯/图论算法/图的性质/问题1.0.0-入度与出度的作用.md,搜索和回溯,md,3832,搜索与回溯,问题档案,,[207],,false,待人工定位,仅作素材,P3-素材,与当前规范存在职责重叠或质量不稳定，保留为检索素材，不直接进入稳定层。,candidate,主题:入度与出度的作用,1
搜索和回溯/图论算法/图的性质/问题1.0.0-判断二分图.md,搜索和回溯,md,528,搜索与回溯,问题档案,,[785],,false,待人工定位,仅作素材,P3-素材,与当前规范存在职责重叠或质量不稳定，保留为检索素材，不直接进入稳定层。,candidate,主题:判断二分图,2
搜索和回溯/图论算法/图的性质/题解2.0.0-判断二分图.md,搜索和回溯,md,2002,搜索与回溯,题解档案,,[785],,false,待人工定位,仅作素材,P3-素材,与当前规范存在职责重叠或质量不稳定，保留为检索素材，不直接进入稳定层。,candidate,主题:判断二分图,2
搜索和回溯/图论算法/拓扑排序/最小高度树/README.md,搜索和回溯,md,140,搜索与回溯,导航索引,,[],,false,待人工定位,归档,P4-归档,仅承担旧库导航或批量索引职责，稳定导航应由当前库 README、学习看板自动替代。,candidate,主题:搜索与回溯:搜索和回溯/图论算法/拓扑排序:readme,2
搜索和回溯/图论算法/拓扑排序/最小高度树/问题1.0.0-最小高度树.md,搜索和回溯,md,778,搜索与回溯,问题档案,,[310],,false,待人工定位,仅作素材,P3-素材,与当前规范存在职责重叠或质量不稳定，保留为检索素材，不直接进入稳定层。,candidate,主题:最小高度树,2
搜索和回溯/图论算法/拓扑排序/最小高度树/题解2.0.0-最小高度树.md,搜索和回溯,md,1502,搜索与回溯,题解档案,,[310],,false,待人工定位,仅作素材,P3-素材,与当前规范存在职责重叠或质量不稳定，保留为检索素材，不直接进入稳定层。,candidate,主题:最小高度树,2
搜索和回溯/图论算法/拓扑排序/课程表 I/README.md,搜索和回溯,md,126,搜索与回溯,导航索引,,[],,false,待人工定位,归档,P4-归档,仅承担旧库导航或批量索引职责，稳定导航应由当前库 README、学习看板自动替代。,candidate,主题:搜索与回溯:搜索和回溯/图论算法/拓扑排序:readme,2
搜索和回溯/图论算法/拓扑排序/课程表 I/问题1.0.0-课程表 I.md,搜索和回溯,md,668,搜索与回溯,问题档案,,[207],,false,待人工定位,仅作素材,P3-素材,与当前规范存在职责重叠或质量不稳定，保留为检索素材，不直接进入稳定层。,candidate,主题:课程表i,2
搜索和回溯/图论算法/拓扑排序/课程表 I/题解2.0.0-课程表 I.md,搜索和回溯,md,1135,搜索与回溯,题解档案,,[207],,false,待人工定位,仅作素材,P3-素材,与当前规范存在职责重叠或质量不稳定，保留为检索素材，不直接进入稳定层。,candidate,主题:课程表i,2
搜索和回溯/图论算法/拓扑排序/课程表 II/问题1.0.0-课程表 II.md,搜索和回溯,md,479,搜索与回溯,问题档案,,[210],,false,待人工定位,仅作素材,P3-素材,与当前规范存在职责重叠或质量不稳定，保留为检索素材，不直接进入稳定层。,candidate,主题:课程表ii,2
搜索和回溯/图论算法/拓扑排序/课程表 II/题解2.0.0-课程表 II.md,搜索和回溯,md,1513,搜索与回溯,题解档案,,[210],,false,待人工定位,仅作素材,P3-素材,与当前规范存在职责重叠或质量不稳定，保留为检索素材，不直接进入稳定层。,candidate,主题:课程表ii,2
搜索和回溯/图论算法/拓扑排序/课程表/问题1.0.0-课程表.md,搜索和回溯,md,592,搜索与回溯,问题档案,207,[207],课程表,true,题目/图与搜索/207-Course-Schedule.md,仅作素材,P3-旧题素材,当前库已有完整标准题解，旧文档降为推导、错因和表达素材。,candidate,题:207,9
搜索和回溯/图论算法/拓扑排序/课程表/题解2.0.0-课程表.md,搜索和回溯,md,2280,搜索与回溯,题解档案,207,[207],课程表,true,题目/图与搜索/207-Course-Schedule.md,仅作素材,P3-旧题素材,当前库已有完整标准题解，旧文档降为推导、错因和表达素材。,candidate,题:207,9
搜索和回溯/图论算法/拓扑排序/问题1.0.0-课程表-为什么要建图.md,搜索和回溯,md,2380,搜索与回溯,问题档案,,[207],,false,待人工定位,仅作素材,P3-素材,与当前规范存在职责重叠或质量不稳定，保留为检索素材，不直接进入稳定层。,candidate,主题:课程表为什么要建图,1
搜索和回溯/图论算法/拓扑排序/问题1.0.0-课程表-邻接表是什么.md,搜索和回溯,md,2856,搜索与回溯,问题档案,,[207],,false,待人工定位,仅作素材,P3-素材,与当前规范存在职责重叠或质量不稳定，保留为检索素材，不直接进入稳定层。,candidate,主题:课程表邻接表是什么,1
搜索和回溯/图论算法/拓扑排序/问题1.0.0-课程表.md,搜索和回溯,md,3415,搜索与回溯,问题档案,207,"[207, 210]",课程表,true,题目/图与搜索/207-Course-Schedule.md,仅作素材,P3-旧题素材,当前库已有完整标准题解，旧文档降为推导、错因和表达素材。,candidate,题:207,9
搜索和回溯/图论算法/拓扑排序/问题1.0.0-邻接表是否类似链表性质用于快速解决图问题.md,搜索和回溯,md,2274,搜索与回溯,问题档案,,[],,false,待人工定位,仅作素材,P3-素材,与当前规范存在职责重叠或质量不稳定，保留为检索素材，不直接进入稳定层。,candidate,主题:邻接表是否类似链表性质用于快速解决图问题,1
搜索和回溯/图论算法/拓扑排序/题解2.0.0-课程表-DFS三色法.md,搜索和回溯,md,7444,搜索与回溯,题解档案,207,[207],课程表,true,题目/图与搜索/207-Course-Schedule.md,仅作素材,P3-旧题素材,当前库已有完整标准题解，旧文档降为推导、错因和表达素材。,candidate,题:207,9
搜索和回溯/图论算法/拓扑排序/题解2.0.0-课程表-Kahn算法.md,搜索和回溯,md,4740,搜索与回溯,题解档案,207,[207],课程表,true,题目/图与搜索/207-Course-Schedule.md,仅作素材,P3-旧题素材,当前库已有完整标准题解，旧文档降为推导、错因和表达素材。,candidate,题:207,9
搜索和回溯/图论算法/拓扑排序/题解2.0.0-课程表.md,搜索和回溯,md,3811,搜索与回溯,题解档案,207,[207],课程表,true,题目/图与搜索/207-Course-Schedule.md,仅作素材,P3-旧题素材,当前库已有完整标准题解，旧文档降为推导、错因和表达素材。,candidate,题:207,9
搜索和回溯/图论算法/最短路/K站中转最便宜的航班/问题1.0.0-K站中转最便宜的航班.md,搜索和回溯,md,768,搜索与回溯,问题档案,,[787],,false,待人工定位,仅作素材,P3-素材,与当前规范存在职责重叠或质量不稳定，保留为检索素材，不直接进入稳定层。,candidate,主题:k站中转最便宜的航班,2
搜索和回溯/图论算法/最短路/K站中转最便宜的航班/题解2.0.0-K站中转最便宜的航班.md,搜索和回溯,md,1453,搜索与回溯,题解档案,,[787],,false,待人工定位,仅作素材,P3-素材,与当前规范存在职责重叠或质量不稳定，保留为检索素材，不直接进入稳定层。,candidate,主题:k站中转最便宜的航班,2
搜索和回溯/图论算法/最短路/到达目的地的方案数/README.md,搜索和回溯,md,154,搜索与回溯,导航索引,,[],,false,待人工定位,归档,P4-归档,仅承担旧库导航或批量索引职责，稳定导航应由当前库 README、学习看板自动替代。,candidate,主题:搜索与回溯:搜索和回溯/图论算法/最短路:readme,2
搜索和回溯/图论算法/最短路/到达目的地的方案数/问题1.0.0-到达目的地的方案数.md,搜索和回溯,md,806,搜索与回溯,问题档案,,[1976],,false,待人工定位,仅作素材,P3-素材,与当前规范存在职责重叠或质量不稳定，保留为检索素材，不直接进入稳定层。,candidate,主题:到达目的地的方案数,2
搜索和回溯/图论算法/最短路/到达目的地的方案数/题解2.0.0-到达目的地的方案数.md,搜索和回溯,md,1788,搜索与回溯,题解档案,,[1976],,false,待人工定位,仅作素材,P3-素材,与当前规范存在职责重叠或质量不稳定，保留为检索素材，不直接进入稳定层。,candidate,主题:到达目的地的方案数,2
搜索和回溯/图论算法/最短路/最小体力消耗路径/问题1.0.0-最小体力消耗路径.md,搜索和回溯,md,646,搜索与回溯,问题档案,,[1631],,false,待人工定位,仅作素材,P3-素材,与当前规范存在职责重叠或质量不稳定，保留为检索素材，不直接进入稳定层。,candidate,主题:最小体力消耗路径,2
搜索和回溯/图论算法/最短路/最小体力消耗路径/题解2.0.0-最小体力消耗路径.md,搜索和回溯,md,1915,搜索与回溯,题解档案,,[1631],,false,待人工定位,仅作素材,P3-素材,与当前规范存在职责重叠或质量不稳定，保留为检索素材，不直接进入稳定层。,candidate,主题:最小体力消耗路径,2
搜索和回溯/图论算法/最短路/概率最大的路径/问题1.0.0-概率最大的路径.md,搜索和回溯,md,535,搜索与回溯,问题档案,,[1514],,false,待人工定位,仅作素材,P3-素材,与当前规范存在职责重叠或质量不稳定，保留为检索素材，不直接进入稳定层。,candidate,主题:概率最大的路径,2
搜索和回溯/图论算法/最短路/概率最大的路径/题解2.0.0-概率最大的路径.md,搜索和回溯,md,1943,搜索与回溯,题解档案,,[1514],,false,待人工定位,仅作素材,P3-素材,与当前规范存在职责重叠或质量不稳定，保留为检索素材，不直接进入稳定层。,candidate,主题:概率最大的路径,2
搜索和回溯/图论算法/最短路/水位上升的泳池中游泳/问题1.0.0-水位上升的泳池中游泳.md,搜索和回溯,md,609,搜索与回溯,问题档案,,[778],,false,待人工定位,仅作素材,P3-素材,与当前规范存在职责重叠或质量不稳定，保留为检索素材，不直接进入稳定层。,candidate,主题:水位上升的泳池中游泳,2
搜索和回溯/图论算法/最短路/水位上升的泳池中游泳/题解2.0.0-水位上升的泳池中游泳.md,搜索和回溯,md,1873,搜索与回溯,题解档案,,[778],,false,待人工定位,仅作素材,P3-素材,与当前规范存在职责重叠或质量不稳定，保留为检索素材，不直接进入稳定层。,candidate,主题:水位上升的泳池中游泳,2
搜索和回溯/图论算法/最短路/网络延迟时间/README.md,搜索和回溯,md,140,搜索与回溯,导航索引,,[],,false,待人工定位,归档,P4-归档,仅承担旧库导航或批量索引职责，稳定导航应由当前库 README、学习看板自动替代。,candidate,主题:搜索与回溯:搜索和回溯/图论算法/最短路:readme,2
搜索和回溯/图论算法/最短路/网络延迟时间/问题1.0.0-网络延迟时间.md,搜索和回溯,md,596,搜索与回溯,问题档案,,[743],,false,待人工定位,仅作素材,P3-素材,与当前规范存在职责重叠或质量不稳定，保留为检索素材，不直接进入稳定层。,candidate,主题:网络延迟时间,2
搜索和回溯/图论算法/最短路/网络延迟时间/题解2.0.0-网络延迟时间.md,搜索和回溯,md,1451,搜索与回溯,题解档案,,[743],,false,待人工定位,仅作素材,P3-素材,与当前规范存在职责重叠或质量不稳定，保留为检索素材，不直接进入稳定层。,candidate,主题:网络延迟时间,2
搜索和回溯/图论算法/路径枚举/重新安排行程/问题1.0.0-重新安排行程.md,搜索和回溯,md,557,搜索与回溯,问题档案,,[332],,false,待人工定位,仅作素材,P3-素材,与当前规范存在职责重叠或质量不稳定，保留为检索素材，不直接进入稳定层。,candidate,主题:重新安排行程,2
搜索和回溯/图论算法/路径枚举/重新安排行程/题解2.0.0-重新安排行程.md,搜索和回溯,md,1519,搜索与回溯,题解档案,,[332],,false,待人工定位,仅作素材,P3-素材,与当前规范存在职责重叠或质量不稳定，保留为检索素材，不直接进入稳定层。,candidate,主题:重新安排行程,2
搜索和回溯/图论算法/路径枚举/问题1.0.0-所有可能路径.md,搜索和回溯,md,533,搜索与回溯,问题档案,,[797],,false,待人工定位,仅作素材,P3-素材,与当前规范存在职责重叠或质量不稳定，保留为检索素材，不直接进入稳定层。,candidate,主题:所有可能路径,2
搜索和回溯/图论算法/路径枚举/题解2.0.0-所有可能路径.md,搜索和回溯,md,1994,搜索与回溯,题解档案,,[797],,false,待人工定位,仅作素材,P3-素材,与当前规范存在职责重叠或质量不稳定，保留为检索素材，不直接进入稳定层。,candidate,主题:所有可能路径,2
搜索和回溯/图论算法/连通性/交换字符串中的元素/README.md,搜索和回溯,md,177,搜索与回溯,导航索引,,[],,false,待人工定位,归档,P4-归档,仅承担旧库导航或批量索引职责，稳定导航应由当前库 README、学习看板自动替代。,candidate,主题:搜索与回溯:搜索和回溯/图论算法/连通性:readme,9
搜索和回溯/图论算法/连通性/交换字符串中的元素/问题1.0.0-交换字符串中的元素.md,搜索和回溯,md,665,搜索与回溯,问题档案,,[1202],,false,待人工定位,仅作素材,P3-素材,与当前规范存在职责重叠或质量不稳定，保留为检索素材，不直接进入稳定层。,candidate,主题:交换字符串中的元素,2
搜索和回溯/图论算法/连通性/交换字符串中的元素/题解2.0.0-交换字符串中的元素.md,搜索和回溯,md,1761,搜索与回溯,题解档案,,[1202],,false,待人工定位,仅作素材,P3-素材,与当前规范存在职责重叠或质量不稳定，保留为检索素材，不直接进入稳定层。,candidate,主题:交换字符串中的元素,2
搜索和回溯/图论算法/连通性/冗余连接 II/问题1.0.0-冗余连接 II.md,搜索和回溯,md,747,搜索与回溯,问题档案,,[685],,false,待人工定位,仅作素材,P3-素材,与当前规范存在职责重叠或质量不稳定，保留为检索素材，不直接进入稳定层。,candidate,主题:冗余连接ii,2
搜索和回溯/图论算法/连通性/冗余连接 II/题解2.0.0-冗余连接 II.md,搜索和回溯,md,2214,搜索与回溯,题解档案,,[685],,false,待人工定位,仅作素材,P3-素材,与当前规范存在职责重叠或质量不稳定，保留为检索素材，不直接进入稳定层。,candidate,主题:冗余连接ii,2
搜索和回溯/图论算法/连通性/冗余连接/问题1.0.0-冗余连接.md,搜索和回溯,md,670,搜索与回溯,问题档案,,[684],,false,待人工定位,仅作素材,P3-素材,与当前规范存在职责重叠或质量不稳定，保留为检索素材，不直接进入稳定层。,candidate,主题:冗余连接,2
搜索和回溯/图论算法/连通性/冗余连接/题解2.0.0-冗余连接.md,搜索和回溯,md,1454,搜索与回溯,题解档案,,[684],,false,待人工定位,仅作素材,P3-素材,与当前规范存在职责重叠或质量不稳定，保留为检索素材，不直接进入稳定层。,candidate,主题:冗余连接,2
搜索和回溯/图论算法/连通性/图有效性/有效树判定/README.md,搜索和回溯,md,137,搜索与回溯,导航索引,,[],,false,待人工定位,归档,P4-归档,仅承担旧库导航或批量索引职责，稳定导航应由当前库 README、学习看板自动替代。,candidate,主题:搜索与回溯:搜索和回溯/图论算法/连通性:readme,9
搜索和回溯/图论算法/连通性/图有效性/有效树判定/问题1.0.0-有效树判定.md,搜索和回溯,md,619,搜索与回溯,问题档案,,[261],,false,待人工定位,仅作素材,P3-素材,与当前规范存在职责重叠或质量不稳定，保留为检索素材，不直接进入稳定层。,candidate,主题:有效树判定,2
搜索和回溯/图论算法/连通性/图有效性/有效树判定/题解2.0.0-有效树判定.md,搜索和回溯,md,1267,搜索与回溯,题解档案,,[261],,false,待人工定位,仅作素材,P3-素材,与当前规范存在职责重叠或质量不稳定，保留为检索素材，不直接进入稳定层。,candidate,主题:有效树判定,2
搜索和回溯/图论算法/连通性/最小字典序交换/README.md,搜索和回溯,md,146,搜索与回溯,导航索引,,[],,false,待人工定位,归档,P4-归档,仅承担旧库导航或批量索引职责，稳定导航应由当前库 README、学习看板自动替代。,candidate,主题:搜索与回溯:搜索和回溯/图论算法/连通性:readme,9
搜索和回溯/图论算法/连通性/最小字典序交换/问题1.0.0-最小字典序交换.md,搜索和回溯,md,735,搜索与回溯,问题档案,,[1202],,false,待人工定位,仅作素材,P3-素材,与当前规范存在职责重叠或质量不稳定，保留为检索素材，不直接进入稳定层。,candidate,主题:最小字典序交换,2
搜索和回溯/图论算法/连通性/最小字典序交换/题解2.0.0-最小字典序交换.md,搜索和回溯,md,1676,搜索与回溯,题解档案,,[1202],,false,待人工定位,仅作素材,P3-素材,与当前规范存在职责重叠或质量不稳定，保留为检索素材，不直接进入稳定层。,candidate,主题:最小字典序交换,2
搜索和回溯/图论算法/连通性/由斜杠划分的区域/README.md,搜索和回溯,md,164,搜索与回溯,导航索引,,[],,false,待人工定位,归档,P4-归档,仅承担旧库导航或批量索引职责，稳定导航应由当前库 README、学习看板自动替代。,candidate,主题:搜索与回溯:搜索和回溯/图论算法/连通性:readme,9
搜索和回溯/图论算法/连通性/由斜杠划分的区域/问题1.0.0-由斜杠划分的区域.md,搜索和回溯,md,771,搜索与回溯,问题档案,,[959],,false,待人工定位,仅作素材,P3-素材,与当前规范存在职责重叠或质量不稳定，保留为检索素材，不直接进入稳定层。,candidate,主题:由斜杠划分的区域,2
搜索和回溯/图论算法/连通性/由斜杠划分的区域/题解2.0.0-由斜杠划分的区域.md,搜索和回溯,md,2703,搜索与回溯,题解档案,,[959],,false,待人工定位,仅作素材,P3-素材,与当前规范存在职责重叠或质量不稳定，保留为检索素材，不直接进入稳定层。,candidate,主题:由斜杠划分的区域,2
搜索和回溯/图论算法/连通性/省份数量/README.md,搜索和回溯,md,134,搜索与回溯,导航索引,,[],,false,待人工定位,归档,P4-归档,仅承担旧库导航或批量索引职责，稳定导航应由当前库 README、学习看板自动替代。,candidate,主题:搜索与回溯:搜索和回溯/图论算法/连通性:readme,9
搜索和回溯/图论算法/连通性/省份数量/问题1.0.0-省份数量.md,搜索和回溯,md,565,搜索与回溯,问题档案,,[547],,false,待人工定位,仅作素材,P3-素材,与当前规范存在职责重叠或质量不稳定，保留为检索素材，不直接进入稳定层。,candidate,主题:省份数量,2
搜索和回溯/图论算法/连通性/省份数量/题解2.0.0-省份数量.md,搜索和回溯,md,1297,搜索与回溯,题解档案,,[547],,false,待人工定位,仅作素材,P3-素材,与当前规范存在职责重叠或质量不稳定，保留为检索素材，不直接进入稳定层。,candidate,主题:省份数量,2
搜索和回溯/图论算法/连通性/移除最多的石头/README.md,搜索和回溯,md,149,搜索与回溯,导航索引,,[],,false,待人工定位,归档,P4-归档,仅承担旧库导航或批量索引职责，稳定导航应由当前库 README、学习看板自动替代。,candidate,主题:搜索与回溯:搜索和回溯/图论算法/连通性:readme,9
搜索和回溯/图论算法/连通性/移除最多的石头/问题1.0.0-移除最多的石头.md,搜索和回溯,md,729,搜索与回溯,问题档案,,[947],,false,待人工定位,仅作素材,P3-素材,与当前规范存在职责重叠或质量不稳定，保留为检索素材，不直接进入稳定层。,candidate,主题:移除最多的石头,2
搜索和回溯/图论算法/连通性/移除最多的石头/题解2.0.0-移除最多的石头.md,搜索和回溯,md,1578,搜索与回溯,题解档案,,[947],,false,待人工定位,仅作素材,P3-素材,与当前规范存在职责重叠或质量不稳定，保留为检索素材，不直接进入稳定层。,candidate,主题:移除最多的石头,2
搜索和回溯/图论算法/连通性/账户合并/README.md,搜索和回溯,md,147,搜索与回溯,导航索引,,[],,false,待人工定位,归档,P4-归档,仅承担旧库导航或批量索引职责，稳定导航应由当前库 README、学习看板自动替代。,candidate,主题:搜索与回溯:搜索和回溯/图论算法/连通性:readme,9
搜索和回溯/图论算法/连通性/账户合并/问题1.0.0-账户合并.md,搜索和回溯,md,691,搜索与回溯,问题档案,,[721],,false,待人工定位,仅作素材,P3-素材,与当前规范存在职责重叠或质量不稳定，保留为检索素材，不直接进入稳定层。,candidate,主题:账户合并,2
搜索和回溯/图论算法/连通性/账户合并/题解2.0.0-账户合并.md,搜索和回溯,md,2916,搜索与回溯,题解档案,,[721],,false,待人工定位,仅作素材,P3-素材,与当前规范存在职责重叠或质量不稳定，保留为检索素材，不直接进入稳定层。,candidate,主题:账户合并,2
搜索和回溯/图论算法/连通性/路径存在性/图中是否存在路径/README.md,搜索和回溯,md,143,搜索与回溯,导航索引,,[],,false,待人工定位,归档,P4-归档,仅承担旧库导航或批量索引职责，稳定导航应由当前库 README、学习看板自动替代。,candidate,主题:搜索与回溯:搜索和回溯/图论算法/连通性:readme,9
搜索和回溯/图论算法/连通性/路径存在性/图中是否存在路径/问题1.0.0-图中是否存在路径.md,搜索和回溯,md,661,搜索与回溯,问题档案,,[1971],,false,待人工定位,仅作素材,P3-素材,与当前规范存在职责重叠或质量不稳定，保留为检索素材，不直接进入稳定层。,candidate,主题:图中是否存在路径,2
搜索和回溯/图论算法/连通性/路径存在性/图中是否存在路径/题解2.0.0-图中是否存在路径.md,搜索和回溯,md,1165,搜索与回溯,题解档案,,[1971],,false,待人工定位,仅作素材,P3-素材,与当前规范存在职责重叠或质量不稳定，保留为检索素材，不直接进入稳定层。,candidate,主题:图中是否存在路径,2
搜索和回溯/图论算法/连通性/连通分量数/README.md,搜索和回溯,md,134,搜索与回溯,导航索引,,[],,false,待人工定位,归档,P4-归档,仅承担旧库导航或批量索引职责，稳定导航应由当前库 README、学习看板自动替代。,candidate,主题:搜索与回溯:搜索和回溯/图论算法/连通性:readme,9
搜索和回溯/图论算法/连通性/连通分量数/问题1.0.0-连通分量数.md,搜索和回溯,md,675,搜索与回溯,问题档案,,[323],,false,待人工定位,仅作素材,P3-素材,与当前规范存在职责重叠或质量不稳定，保留为检索素材，不直接进入稳定层。,candidate,主题:连通分量数,2
搜索和回溯/图论算法/连通性/连通分量数/题解2.0.0-连通分量数.md,搜索和回溯,md,1243,搜索与回溯,题解档案,,[323],,false,待人工定位,仅作素材,P3-素材,与当前规范存在职责重叠或质量不稳定，保留为检索素材，不直接进入稳定层。,candidate,主题:连通分量数,2
搜索和回溯/图论算法/问题1.0.0-课程表.md,搜索和回溯,md,5488,搜索与回溯,问题档案,207,[207],课程表,true,题目/图与搜索/207-Course-Schedule.md,仅作素材,P3-旧题素材,当前库已有完整标准题解，旧文档降为推导、错因和表达素材。,candidate,题:207,9
搜索和回溯/图论算法/题解2.0.0-课程表.md,搜索和回溯,md,8081,搜索与回溯,题解档案,207,"[207, 210, 802, 1136, 2115]",课程表,true,题目/图与搜索/207-Course-Schedule.md,仅作素材,P3-旧题素材,当前库已有完整标准题解，旧文档降为推导、错因和表达素材。,candidate,题:207,9
搜索和回溯/导航.md,搜索和回溯,md,2352,搜索与回溯,导航索引,,[],,false,待人工定位,归档,P4-归档,仅承担旧库导航或批量索引职责，稳定导航应由当前库 README、学习看板自动替代。,candidate,主题:搜索与回溯:搜索和回溯:导航,1
搜索和回溯/排列与构造/问题1.0.0-下一个排列.md,搜索和回溯,md,931,搜索与回溯,问题档案,31,[31],下一个排列,false,待建：题目/<主题型>/31-<English-Title>.md,改写后迁移,P0-独有题,当前库缺失该题，可进入候选批次，但必须先补官方事实、本地示例、权威 Java 与校验。,candidate,题:31,5
搜索和回溯/排列与构造/题解2.0.0-下一个排列.md,搜索和回溯,md,2171,搜索与回溯,题解档案,31,[31],下一个排列,false,待建：题目/<主题型>/31-<English-Title>.md,改写后迁移,P0-独有题,当前库缺失该题，可进入候选批次，但必须先补官方事实、本地示例、权威 Java 与校验。,candidate,题:31,5
搜索和回溯/搜索与回溯-知识点梳理与题目分类.md,搜索和回溯,md,6151,搜索与回溯,通用原理与方法论,,[],,false,待定：02-概念专题/搜索与回溯.md,改写后迁移,P0-通用模型,跨题通用原理或方法论，适合改写为概念卡、核心模型、建模专题或 Java 速查，不直接复制。,candidate,主题:搜索与回溯知识点梳理与题目分类,1
搜索和回溯/搜索与回溯-递归回溯题目清单.md,搜索和回溯,md,2719,搜索与回溯,其他资料,,[],,false,待人工定位,仅作素材,P3-素材,与当前规范存在职责重叠或质量不稳定，保留为检索素材，不直接进入稳定层。,candidate,主题:搜索与回溯递归回溯题目清单,1
搜索和回溯/搜索与回溯专题分析.md,搜索和回溯,md,8439,搜索与回溯,通用原理与方法论,,[],,false,待定：02-概念专题/搜索与回溯.md,改写后迁移,P0-通用模型,跨题通用原理或方法论，适合改写为概念卡、核心模型、建模专题或 Java 速查，不直接复制。,candidate,主题:搜索与回溯专题分析,1
搜索和回溯/搜索与回溯前置沟通.md,搜索和回溯,md,6395,搜索与回溯,其他资料,,[],,false,待人工定位,仅作素材,P3-素材,与当前规范存在职责重叠或质量不稳定，保留为检索素材，不直接进入稳定层。,candidate,主题:搜索与回溯前置沟通,1
搜索和回溯/数组算法/NextPermutation.java,搜索和回溯,java,16001,搜索与回溯,旧版Java实现,,[31],,false,待人工定位,仅作素材,P3-素材,与当前规范存在职责重叠或质量不稳定，保留为检索素材，不直接进入稳定层。,candidate,主题:nextpermutation,1
搜索和回溯/数组算法/问题1.0.0-下一个排列.md,搜索和回溯,md,5144,搜索与回溯,问题档案,31,[31],下一个排列,false,待建：题目/<主题型>/31-<English-Title>.md,改写后迁移,P0-独有题,当前库缺失该题，可进入候选批次，但必须先补官方事实、本地示例、权威 Java 与校验。,candidate,题:31,5
搜索和回溯/数组算法/题解2.0.0-下一个排列.md,搜索和回溯,md,7800,搜索与回溯,题解档案,31,"[31, 46, 47, 60, 556]",下一个排列,false,待建：题目/<主题型>/31-<English-Title>.md,改写后迁移,P0-独有题,当前库缺失该题，可进入候选批次，但必须先补官方事实、本地示例、权威 Java 与校验。,candidate,题:31,5
搜索和回溯/数组算法/题解2.0.0-下一个排列详解与Java实现.md,搜索和回溯,md,14888,搜索与回溯,题解档案,,[31],,false,待人工定位,仅作素材,P3-素材,与当前规范存在职责重叠或质量不稳定，保留为检索素材，不直接进入稳定层。,candidate,主题:下一个排列详解与java实现,1
搜索和回溯/递归回溯/N皇后/README.md,搜索和回溯,md,115,搜索与回溯,导航索引,,[],,false,待人工定位,归档,P4-归档,仅承担旧库导航或批量索引职责，稳定导航应由当前库 README、学习看板自动替代。,candidate,主题:搜索与回溯:搜索和回溯/递归回溯/N皇后:readme,1
搜索和回溯/递归回溯/N皇后/问题1.0.0-N皇后 II.md,搜索和回溯,md,483,搜索与回溯,问题档案,,[52],,false,待人工定位,仅作素材,P3-素材,与当前规范存在职责重叠或质量不稳定，保留为检索素材，不直接进入稳定层。,candidate,主题:n皇后ii,4
搜索和回溯/递归回溯/N皇后/问题1.0.0-N皇后.md,搜索和回溯,md,537,搜索与回溯,问题档案,,[51],,false,待人工定位,仅作素材,P3-素材,与当前规范存在职责重叠或质量不稳定，保留为检索素材，不直接进入稳定层。,candidate,主题:n皇后,2
搜索和回溯/递归回溯/N皇后/问题1.0.0-N皇后II.md,搜索和回溯,md,393,搜索与回溯,问题档案,,[52],,false,待人工定位,仅作素材,P3-素材,与当前规范存在职责重叠或质量不稳定，保留为检索素材，不直接进入稳定层。,candidate,主题:n皇后ii,4
搜索和回溯/递归回溯/N皇后/题解2.0.0-N皇后 II.md,搜索和回溯,md,1678,搜索与回溯,题解档案,,[52],,false,待人工定位,仅作素材,P3-素材,与当前规范存在职责重叠或质量不稳定，保留为检索素材，不直接进入稳定层。,candidate,主题:n皇后ii,4
搜索和回溯/递归回溯/N皇后/题解2.0.0-N皇后.md,搜索和回溯,md,1522,搜索与回溯,题解档案,,[51],,false,待人工定位,仅作素材,P3-素材,与当前规范存在职责重叠或质量不稳定，保留为检索素材，不直接进入稳定层。,candidate,主题:n皇后,2
搜索和回溯/递归回溯/N皇后/题解2.0.0-N皇后II.md,搜索和回溯,md,991,搜索与回溯,题解档案,,[52],,false,待人工定位,仅作素材,P3-素材,与当前规范存在职责重叠或质量不稳定，保留为检索素材，不直接进入稳定层。,candidate,主题:n皇后ii,4
搜索和回溯/递归回溯/全排列/复习/复习1.java,搜索和回溯,java,866,搜索与回溯,旧版Java实现,,[],,false,待人工定位,仅作素材,P3-素材,与当前规范存在职责重叠或质量不稳定，保留为检索素材，不直接进入稳定层。,candidate,主题:复习1,3
搜索和回溯/递归回溯/全排列/复习/复习2.txt,搜索和回溯,txt,787,搜索与回溯,其他资料,,[],,false,待人工定位,仅作素材,P3-素材,与当前规范存在职责重叠或质量不稳定，保留为检索素材，不直接进入稳定层。,candidate,主题:复习2txt,2
搜索和回溯/递归回溯/全排列/问题1.0.0-全排列 II.md,搜索和回溯,md,746,搜索与回溯,问题档案,,[47],,false,待人工定位,仅作素材,P3-素材,与当前规范存在职责重叠或质量不稳定，保留为检索素材，不直接进入稳定层。,candidate,主题:全排列ii,2
搜索和回溯/递归回溯/全排列/问题1.0.0-全排列.md,搜索和回溯,md,3462,搜索与回溯,问题档案,46,"[31, 46, 47]",全排列,true,题目/回溯/46-Permutations.md,仅作素材,P3-旧题素材,当前库已有完整标准题解，旧文档降为推导、错因和表达素材。,candidate,题:46,5
搜索和回溯/递归回溯/全排列/题解2.0.0-全排列 II.md,搜索和回溯,md,2839,搜索与回溯,题解档案,,[47],,false,待人工定位,仅作素材,P3-素材,与当前规范存在职责重叠或质量不稳定，保留为检索素材，不直接进入稳定层。,candidate,主题:全排列ii,2
搜索和回溯/递归回溯/全排列/题解2.0.0-全排列.md,搜索和回溯,md,11847,搜索与回溯,题解档案,46,[46],全排列,true,题目/回溯/46-Permutations.md,仅作素材,P3-旧题素材,当前库已有完整标准题解，旧文档降为推导、错因和表达素材。,candidate,题:46,5
搜索和回溯/递归回溯/分割回文串/问题1.0.0-分割回文串.md,搜索和回溯,md,802,搜索与回溯,问题档案,,[131],,false,待人工定位,仅作素材,P3-素材,与当前规范存在职责重叠或质量不稳定，保留为检索素材，不直接进入稳定层。,candidate,主题:分割回文串,2
搜索和回溯/递归回溯/分割回文串/题解2.0.0-分割回文串.md,搜索和回溯,md,2689,搜索与回溯,题解档案,,[131],,false,待人工定位,仅作素材,P3-素材,与当前规范存在职责重叠或质量不稳定，保留为检索素材，不直接进入稳定层。,candidate,主题:分割回文串,2
搜索和回溯/递归回溯/单词搜索 II/问题1.0.0-单词搜索 II.md,搜索和回溯,md,929,搜索与回溯,问题档案,,[212],,false,待人工定位,仅作素材,P3-素材,与当前规范存在职责重叠或质量不稳定，保留为检索素材，不直接进入稳定层。,candidate,主题:单词搜索ii,2
搜索和回溯/递归回溯/单词搜索 II/题解2.0.0-单词搜索 II.md,搜索和回溯,md,4131,搜索与回溯,题解档案,,[212],,false,待人工定位,仅作素材,P3-素材,与当前规范存在职责重叠或质量不稳定，保留为检索素材，不直接进入稳定层。,candidate,主题:单词搜索ii,2
搜索和回溯/递归回溯/单词搜索/问题1.0.0-单词搜索.md,搜索和回溯,md,810,搜索与回溯,问题档案,79,[79],单词搜索,true,题目/回溯/79-Word-Search.md,仅作素材,P3-旧题素材,当前库已有完整标准题解，旧文档降为推导、错因和表达素材。,candidate,题:79,5
搜索和回溯/递归回溯/单词搜索/题解2.0.0-单词搜索.md,搜索和回溯,md,3302,搜索与回溯,题解档案,79,[79],单词搜索,true,题目/回溯/79-Word-Search.md,仅作素材,P3-旧题素材,当前库已有完整标准题解，旧文档降为推导、错因和表达素材。,candidate,题:79,5
搜索和回溯/递归回溯/复原IP地址/README.md,搜索和回溯,md,135,搜索与回溯,导航索引,,[],,false,待人工定位,归档,P4-归档,仅承担旧库导航或批量索引职责，稳定导航应由当前库 README、学习看板自动替代。,candidate,主题:搜索与回溯:搜索和回溯/递归回溯/复原IP地址:readme,1
搜索和回溯/递归回溯/复原IP地址/问题1.0.0-复原IP地址.md,搜索和回溯,md,560,搜索与回溯,问题档案,,[93],,false,待人工定位,仅作素材,P3-素材,与当前规范存在职责重叠或质量不稳定，保留为检索素材，不直接进入稳定层。,candidate,主题:复原ip地址,2
搜索和回溯/递归回溯/复原IP地址/题解2.0.0-复原IP地址.md,搜索和回溯,md,1456,搜索与回溯,题解档案,,[93],,false,待人工定位,仅作素材,P3-素材,与当前规范存在职责重叠或质量不稳定，保留为检索素材，不直接进入稳定层。,candidate,主题:复原ip地址,2
搜索和回溯/递归回溯/子序列问题/问题1.0.0-非递减子序列.md,搜索和回溯,md,781,搜索与回溯,问题档案,,[491],,false,待人工定位,仅作素材,P3-素材,与当前规范存在职责重叠或质量不稳定，保留为检索素材，不直接进入稳定层。,candidate,主题:非递减子序列,2
搜索和回溯/递归回溯/子序列问题/题解2.0.0-非递减子序列.md,搜索和回溯,md,2426,搜索与回溯,题解档案,,[491],,false,待人工定位,仅作素材,P3-素材,与当前规范存在职责重叠或质量不稳定，保留为检索素材，不直接进入稳定层。,candidate,主题:非递减子序列,2
搜索和回溯/递归回溯/子集划分/划分为k个相等的子集/问题1.0.0-划分为k个相等的子集.md,搜索和回溯,md,698,搜索与回溯,问题档案,,[698],,false,待人工定位,仅作素材,P3-素材,与当前规范存在职责重叠或质量不稳定，保留为检索素材，不直接进入稳定层。,candidate,主题:划分为k个相等的子集,2
搜索和回溯/递归回溯/子集划分/划分为k个相等的子集/题解2.0.0-划分为k个相等的子集.md,搜索和回溯,md,1911,搜索与回溯,题解档案,,[698],,false,待人工定位,仅作素材,P3-素材,与当前规范存在职责重叠或质量不稳定，保留为检索素材，不直接进入稳定层。,candidate,主题:划分为k个相等的子集,2
搜索和回溯/递归回溯/子集问题/Temp2.java,搜索和回溯,java,1393,搜索与回溯,旧版Java实现,,[],,false,待人工定位,仅作素材,P3-素材,与当前规范存在职责重叠或质量不稳定，保留为检索素材，不直接进入稳定层。,candidate,主题:temp2,2
搜索和回溯/递归回溯/子集问题/临时/子集问题复习1.java,搜索和回溯,java,924,搜索与回溯,旧版Java实现,,[],,false,待人工定位,仅作素材,P3-素材,与当前规范存在职责重叠或质量不稳定，保留为检索素材，不直接进入稳定层。,candidate,主题:子集问题复习1,1
搜索和回溯/递归回溯/子集问题/临时/子集问题复习2.txt,搜索和回溯,txt,275,搜索与回溯,其他资料,,[],,false,待人工定位,仅作素材,P3-素材,与当前规范存在职责重叠或质量不稳定，保留为检索素材，不直接进入稳定层。,candidate,主题:子集问题复习2txt,1
搜索和回溯/递归回溯/子集问题/可视化-递归回溯思维导图.md,搜索和回溯,md,6427,搜索与回溯,其他资料,,[],,false,待人工定位,仅作素材,P3-素材,与当前规范存在职责重叠或质量不稳定，保留为检索素材，不直接进入稳定层。,candidate,主题:可视化递归回溯思维导图,1
搜索和回溯/递归回溯/子集问题/可视化-递归调用栈与循环关系.md,搜索和回溯,md,16203,搜索与回溯,其他资料,,[],,false,待人工定位,仅作素材,P3-素材,与当前规范存在职责重叠或质量不稳定，保留为检索素材，不直接进入稳定层。,candidate,主题:可视化递归调用栈与循环关系,1
搜索和回溯/递归回溯/子集问题/记忆技巧-递归回溯万能公式.md,搜索和回溯,md,7930,搜索与回溯,通用原理与方法论,,[],,false,待定：02-概念专题/搜索与回溯.md,改写后迁移,P0-通用模型,跨题通用原理或方法论，适合改写为概念卡、核心模型、建模专题或 Java 速查，不直接复制。,candidate,主题:记忆技巧递归回溯万能公式,1
搜索和回溯/递归回溯/子集问题/问题1.0.0-子集 II.md,搜索和回溯,md,760,搜索与回溯,问题档案,,[90],,false,待人工定位,仅作素材,P3-素材,与当前规范存在职责重叠或质量不稳定，保留为检索素材，不直接进入稳定层。,candidate,主题:子集ii,2
搜索和回溯/递归回溯/子集问题/问题1.0.0-子集.md,搜索和回溯,md,708,搜索与回溯,问题档案,78,[78],子集,true,题目/回溯/78-Subsets.md,仅作素材,P3-旧题素材,当前库已有完整标准题解，旧文档降为推导、错因和表达素材。,candidate,题:78,3
搜索和回溯/递归回溯/子集问题/问题1.0.1-子集-DFS还是BFS.md,搜索和回溯,md,1375,搜索与回溯,问题档案,,[],,false,待人工定位,仅作素材,P3-素材,与当前规范存在职责重叠或质量不稳定，保留为检索素材，不直接进入稳定层。,candidate,主题:子集dfs还是bfs,1
搜索和回溯/递归回溯/子集问题/问题1.0.2-子集-枚举起始位置范式与撤销选择演示.md,搜索和回溯,md,4025,搜索与回溯,问题档案,,[],,false,待人工定位,仅作素材,P3-素材,与当前规范存在职责重叠或质量不稳定，保留为检索素材，不直接进入稳定层。,candidate,主题:子集枚举起始位置范式与撤销选择演示,1
搜索和回溯/递归回溯/子集问题/问题1.0.3-子集-更直观范式解释.md,搜索和回溯,md,3941,搜索与回溯,问题档案,,[],,false,待人工定位,仅作素材,P3-素材,与当前规范存在职责重叠或质量不稳定，保留为检索素材，不直接进入稳定层。,candidate,主题:子集更直观范式解释,1
搜索和回溯/递归回溯/子集问题/问题1.0.4-子集-逐帧动画与打印版.md,搜索和回溯,md,6570,搜索与回溯,问题档案,,[],,false,待人工定位,仅作素材,P3-素材,与当前规范存在职责重叠或质量不稳定，保留为检索素材，不直接进入稳定层。,candidate,主题:子集逐帧动画与打印版,1
搜索和回溯/递归回溯/子集问题/问题2.0.0-从零开始理解递归回溯.md,搜索和回溯,md,6925,搜索与回溯,问题档案,,[],,false,待人工定位,仅作素材,P3-素材,与当前规范存在职责重叠或质量不稳定，保留为检索素材，不直接进入稳定层。,candidate,主题:从零开始理解递归回溯,1
搜索和回溯/递归回溯/子集问题/题解2.0.0-子集 II.md,搜索和回溯,md,2380,搜索与回溯,题解档案,,[90],,false,待人工定位,仅作素材,P3-素材,与当前规范存在职责重叠或质量不稳定，保留为检索素材，不直接进入稳定层。,candidate,主题:子集ii,2
搜索和回溯/递归回溯/子集问题/题解2.0.0-子集.md,搜索和回溯,md,1847,搜索与回溯,题解档案,78,[78],子集,true,题目/回溯/78-Subsets.md,仅作素材,P3-旧题素材,当前库已有完整标准题解，旧文档降为推导、错因和表达素材。,candidate,题:78,3
搜索和回溯/递归回溯/子集问题/题解2.0.0-递归回溯直觉化理解.md,搜索和回溯,md,4915,搜索与回溯,题解档案,,[],,false,待人工定位,仅作素材,P3-素材,与当前规范存在职责重叠或质量不稳定，保留为检索素材，不直接进入稳定层。,candidate,主题:递归回溯直觉化理解,1
搜索和回溯/递归回溯/子集问题/题解2.0.1-撤回概念深度解析.md,搜索和回溯,md,6840,搜索与回溯,题解档案,,[],,false,待人工定位,仅作素材,P3-素材,与当前规范存在职责重叠或质量不稳定，保留为检索素材，不直接进入稳定层。,candidate,主题:撤回概念,1
搜索和回溯/递归回溯/子集问题/题解2.0.2-start与撤回的正确理解.md,搜索和回溯,md,4886,搜索与回溯,题解档案,,[],,false,待人工定位,仅作素材,P3-素材,与当前规范存在职责重叠或质量不稳定，保留为检索素材，不直接进入稳定层。,candidate,主题:start与撤回的正确理解,1
搜索和回溯/递归回溯/子集问题/题解2.0.3-双重循环机制深度解析.md,搜索和回溯,md,9530,搜索与回溯,题解档案,,[],,false,待人工定位,仅作素材,P3-素材,与当前规范存在职责重叠或质量不稳定，保留为检索素材，不直接进入稳定层。,candidate,主题:双重循环机制,1
搜索和回溯/递归回溯/子集问题/题解2.0.4-超直观理解法-拯救想放弃的你.md,搜索和回溯,md,8266,搜索与回溯,题解档案,,[],,false,待人工定位,仅作素材,P3-素材,与当前规范存在职责重叠或质量不稳定，保留为检索素材，不直接进入稳定层。,candidate,主题:超直观理解法拯救想放弃的你,1
搜索和回溯/递归回溯/子集问题/题解2.0.5-引用传递与remove时机深度解析.md,搜索和回溯,md,6700,搜索与回溯,题解档案,,[],,false,待人工定位,仅作素材,P3-素材,与当前规范存在职责重叠或质量不稳定，保留为检索素材，不直接进入稳定层。,candidate,主题:引用传递与remove时机,1
搜索和回溯/递归回溯/子集问题/题解2.0.6-层级责任制超直观解释.md,搜索和回溯,md,6613,搜索与回溯,题解档案,,[],,false,待人工定位,仅作素材,P3-素材,与当前规范存在职责重叠或质量不稳定，保留为检索素材，不直接进入稳定层。,candidate,主题:层级责任制超直观解释,1
搜索和回溯/递归回溯/子集问题/题解2.0.7-引用传递的真相大白.md,搜索和回溯,md,5817,搜索与回溯,题解档案,,[],,false,待人工定位,仅作素材,P3-素材,与当前规范存在职责重叠或质量不稳定，保留为检索素材，不直接进入稳定层。,candidate,主题:引用传递的真相大白,1
搜索和回溯/递归回溯/子集问题/题解2.0.9-子集问题完整解法指南.md,搜索和回溯,md,9052,搜索与回溯,题解档案,,"[39, 77, 78, 90]",,false,待人工定位,仅作素材,P3-素材,与当前规范存在职责重叠或质量不稳定，保留为检索素材，不直接进入稳定层。,candidate,主题:子集问题完整解法指南,1
搜索和回溯/递归回溯/括号生成/Temp2.java,搜索和回溯,java,681,搜索与回溯,旧版Java实现,,[],,false,待人工定位,仅作素材,P3-素材,与当前规范存在职责重叠或质量不稳定，保留为检索素材，不直接进入稳定层。,candidate,主题:temp2,2
搜索和回溯/递归回溯/括号生成/Temp3.java,搜索和回溯,java,1111,搜索与回溯,旧版Java实现,,[],,false,待人工定位,仅作素材,P3-素材,与当前规范存在职责重叠或质量不稳定，保留为检索素材，不直接进入稳定层。,candidate,主题:temp3,1
搜索和回溯/递归回溯/括号生成/复习/复习1.java,搜索和回溯,java,711,搜索与回溯,旧版Java实现,,[],,false,待人工定位,仅作素材,P3-素材,与当前规范存在职责重叠或质量不稳定，保留为检索素材，不直接进入稳定层。,candidate,主题:复习1,3
搜索和回溯/递归回溯/括号生成/复习/复习2.java,搜索和回溯,java,640,搜索与回溯,旧版Java实现,,[],,false,待人工定位,仅作素材,P3-素材,与当前规范存在职责重叠或质量不稳定，保留为检索素材，不直接进入稳定层。,candidate,主题:复习2,1
搜索和回溯/递归回溯/括号生成/问题1.0.0-括号生成.md,搜索和回溯,md,2832,搜索与回溯,问题档案,22,[22],括号生成,false,待建：题目/<主题型>/22-<English-Title>.md,改写后迁移,P0-独有题,当前库缺失该题，可进入候选批次，但必须先补官方事实、本地示例、权威 Java 与校验。,candidate,题:22,5
搜索和回溯/递归回溯/括号生成/题解2.0.0-括号生成.md,搜索和回溯,md,8391,搜索与回溯,题解档案,22,[22],括号生成,false,待建：题目/<主题型>/22-<English-Title>.md,改写后迁移,P0-独有题,当前库缺失该题，可进入候选批次，但必须先补官方事实、本地示例、权威 Java 与校验。,candidate,题:22,5
搜索和回溯/递归回溯/数独/README.md,搜索和回溯,md,122,搜索与回溯,导航索引,,[],,false,待人工定位,归档,P4-归档,仅承担旧库导航或批量索引职责，稳定导航应由当前库 README、学习看板自动替代。,candidate,主题:搜索与回溯:搜索和回溯/递归回溯/数独:readme,1
搜索和回溯/递归回溯/数独/问题1.0.0-数独求解.md,搜索和回溯,md,654,搜索与回溯,问题档案,,[37],,false,待人工定位,仅作素材,P3-素材,与当前规范存在职责重叠或质量不稳定，保留为检索素材，不直接进入稳定层。,candidate,主题:数独求解,2
搜索和回溯/递归回溯/数独/问题1.0.0-解数独.md,搜索和回溯,md,741,搜索与回溯,问题档案,,[37],,false,待人工定位,仅作素材,P3-素材,与当前规范存在职责重叠或质量不稳定，保留为检索素材，不直接进入稳定层。,candidate,主题:解数独,2
搜索和回溯/递归回溯/数独/题解2.0.0-数独求解.md,搜索和回溯,md,1629,搜索与回溯,题解档案,,[37],,false,待人工定位,仅作素材,P3-素材,与当前规范存在职责重叠或质量不稳定，保留为检索素材，不直接进入稳定层。,candidate,主题:数独求解,2
搜索和回溯/递归回溯/数独/题解2.0.0-解数独.md,搜索和回溯,md,3252,搜索与回溯,题解档案,,[37],,false,待人工定位,仅作素材,P3-素材,与当前规范存在职责重叠或质量不稳定，保留为检索素材，不直接进入稳定层。,candidate,主题:解数独,2
搜索和回溯/递归回溯/电话号码的字母组合/问题1.0.0-电话号码的字母组合.md,搜索和回溯,md,2188,搜索与回溯,问题档案,17,[17],电话号码的字母组合,false,待建：题目/<主题型>/17-<English-Title>.md,改写后迁移,P0-独有题,当前库缺失该题，可进入候选批次，但必须先补官方事实、本地示例、权威 Java 与校验。,candidate,题:17,5
搜索和回溯/递归回溯/电话号码的字母组合/题解2.0.0-电话号码的字母组合.md,搜索和回溯,md,7233,搜索与回溯,题解档案,17,[17],电话号码的字母组合,false,待建：题目/<主题型>/17-<English-Title>.md,改写后迁移,P0-独有题,当前库缺失该题，可进入候选批次，但必须先补官方事实、本地示例、权威 Java 与校验。,candidate,题:17,5
搜索和回溯/递归回溯/目标和/问题1.0.0-目标和.md,搜索和回溯,md,1201,搜索与回溯,问题档案,494,[494],目标和,false,待建：题目/<主题型>/494-<English-Title>.md,改写后迁移,P0-独有题,当前库缺失该题，可进入候选批次，但必须先补官方事实、本地示例、权威 Java 与校验。,candidate,题:494,5
搜索和回溯/递归回溯/目标和/问题1.0.1-目标和-BFS与DP双视角.md,搜索和回溯,md,3430,搜索与回溯,问题档案,,[],,false,待人工定位,仅作素材,P3-素材,与当前规范存在职责重叠或质量不稳定，保留为检索素材，不直接进入稳定层。,candidate,主题:目标和bfs与dp双视角,1
搜索和回溯/递归回溯/目标和/题解2.0.0-目标和.md,搜索和回溯,md,2339,搜索与回溯,题解档案,494,[494],目标和,false,待建：题目/<主题型>/494-<English-Title>.md,改写后迁移,P0-独有题,当前库缺失该题，可进入候选批次，但必须先补官方事实、本地示例、权威 Java 与校验。,candidate,题:494,5
搜索和回溯/递归回溯/目标和/题解2.0.1-目标和-BFS层序搜索.md,搜索和回溯,md,6179,搜索与回溯,题解档案,,[],,false,待人工定位,仅作素材,P3-素材,与当前规范存在职责重叠或质量不稳定，保留为检索素材，不直接进入稳定层。,candidate,主题:目标和bfs,1
搜索和回溯/递归回溯/组合/问题1.0.0-组合.md,搜索和回溯,md,518,搜索与回溯,问题档案,,[77],,false,待人工定位,仅作素材,P3-素材,与当前规范存在职责重叠或质量不稳定，保留为检索素材，不直接进入稳定层。,candidate,主题:组合,2
搜索和回溯/递归回溯/组合/题解2.0.0-组合.md,搜索和回溯,md,2139,搜索与回溯,题解档案,,[77],,false,待人工定位,仅作素材,P3-素材,与当前规范存在职责重叠或质量不稳定，保留为检索素材，不直接进入稳定层。,candidate,主题:组合,2
搜索和回溯/递归回溯/组合总和/复习/复习1.java,搜索和回溯,java,715,搜索与回溯,旧版Java实现,,[],,false,待人工定位,仅作素材,P3-素材,与当前规范存在职责重叠或质量不稳定，保留为检索素材，不直接进入稳定层。,candidate,主题:复习1,3
搜索和回溯/递归回溯/组合总和/复习/复习2.txt,搜索和回溯,txt,665,搜索与回溯,其他资料,,[],,false,待人工定位,仅作素材,P3-素材,与当前规范存在职责重叠或质量不稳定，保留为检索素材，不直接进入稳定层。,candidate,主题:复习2txt,2
搜索和回溯/递归回溯/组合总和/问题1.0.0-组合总和 II.md,搜索和回溯,md,1012,搜索与回溯,问题档案,,[40],,false,待人工定位,仅作素材,P3-素材,与当前规范存在职责重叠或质量不稳定，保留为检索素材，不直接进入稳定层。,candidate,主题:组合总和ii,2
搜索和回溯/递归回溯/组合总和/问题1.0.0-组合总和 III.md,搜索和回溯,md,669,搜索与回溯,问题档案,,[216],,false,待人工定位,仅作素材,P3-素材,与当前规范存在职责重叠或质量不稳定，保留为检索素材，不直接进入稳定层。,candidate,主题:组合总和iii,2
搜索和回溯/递归回溯/组合总和/问题1.0.0-组合总和.md,搜索和回溯,md,3665,搜索与回溯,问题档案,39,[39],组合总和,false,待建：题目/<主题型>/39-<English-Title>.md,改写后迁移,P0-独有题,当前库缺失该题，可进入候选批次，但必须先补官方事实、本地示例、权威 Java 与校验。,candidate,题:39,5
搜索和回溯/递归回溯/组合总和/题解2.0.0-组合总和 II.md,搜索和回溯,md,2845,搜索与回溯,题解档案,,[40],,false,待人工定位,仅作素材,P3-素材,与当前规范存在职责重叠或质量不稳定，保留为检索素材，不直接进入稳定层。,candidate,主题:组合总和ii,2
搜索和回溯/递归回溯/组合总和/题解2.0.0-组合总和 III.md,搜索和回溯,md,2389,搜索与回溯,题解档案,,[216],,false,待人工定位,仅作素材,P3-素材,与当前规范存在职责重叠或质量不稳定，保留为检索素材，不直接进入稳定层。,candidate,主题:组合总和iii,2
搜索和回溯/递归回溯/组合总和/题解2.0.0-组合总和.md,搜索和回溯,md,10614,搜索与回溯,题解档案,39,[39],组合总和,false,待建：题目/<主题型>/39-<English-Title>.md,改写后迁移,P0-独有题,当前库缺失该题，可进入候选批次，但必须先补官方事实、本地示例、权威 Java 与校验。,candidate,题:39,5
搜索和回溯/递归回溯/递归回溯学习路径题单.md,搜索和回溯,md,8271,搜索与回溯,导航索引,,"[17, 22, 39, 46, 78]",,false,待人工定位,归档,P4-归档,仅承担旧库导航或批量索引职责，稳定导航应由当前库 README、学习看板自动替代。,candidate,主题:搜索与回溯:搜索和回溯/递归回溯:递归回溯学习路径题单,1
搜索和回溯/递归回溯/递归回溯核心理解与学习心得.md,搜索和回溯,md,3997,搜索与回溯,通用原理与方法论,,[],,false,待定：02-概念专题/搜索与回溯.md,改写后迁移,P0-通用模型,跨题通用原理或方法论，适合改写为概念卡、核心模型、建模专题或 Java 速查，不直接复制。,candidate,主题:递归回溯核心理解与学习心得,1
搜索和回溯/递归回溯/通用模板-递归回溯万能代码.md,搜索和回溯,md,6943,搜索与回溯,通用原理与方法论,,[],,false,待定：02-概念专题/搜索与回溯.md,改写后迁移,P0-通用模型,跨题通用原理或方法论，适合改写为概念卡、核心模型、建模专题或 Java 速查，不直接复制。,candidate,主题:通用模板递归回溯万能代码,1
搜索和回溯/递归回溯/问题1.0.0-全排列.md,搜索和回溯,md,692,搜索与回溯,问题档案,46,[46],全排列,true,题目/回溯/46-Permutations.md,仅作素材,P3-旧题素材,当前库已有完整标准题解，旧文档降为推导、错因和表达素材。,candidate,题:46,5
搜索和回溯/递归回溯/问题1.0.0-括号生成.md,搜索和回溯,md,695,搜索与回溯,问题档案,22,[22],括号生成,false,待建：题目/<主题型>/22-<English-Title>.md,改写后迁移,P0-独有题,当前库缺失该题，可进入候选批次，但必须先补官方事实、本地示例、权威 Java 与校验。,candidate,题:22,5
搜索和回溯/递归回溯/问题1.0.0-电话号码的字母组合.md,搜索和回溯,md,920,搜索与回溯,问题档案,17,[17],电话号码的字母组合,false,待建：题目/<主题型>/17-<English-Title>.md,改写后迁移,P0-独有题,当前库缺失该题，可进入候选批次，但必须先补官方事实、本地示例、权威 Java 与校验。,candidate,题:17,5
搜索和回溯/递归回溯/问题1.0.0-组合总和.md,搜索和回溯,md,874,搜索与回溯,问题档案,39,[39],组合总和,false,待建：题目/<主题型>/39-<English-Title>.md,改写后迁移,P0-独有题,当前库缺失该题，可进入候选批次，但必须先补官方事实、本地示例、权威 Java 与校验。,candidate,题:39,5
搜索和回溯/递归回溯/题解2.0.0-全排列.md,搜索和回溯,md,2486,搜索与回溯,题解档案,46,[46],全排列,true,题目/回溯/46-Permutations.md,仅作素材,P3-旧题素材,当前库已有完整标准题解，旧文档降为推导、错因和表达素材。,candidate,题:46,5
搜索和回溯/递归回溯/题解2.0.0-括号生成.md,搜索和回溯,md,2530,搜索与回溯,题解档案,22,[22],括号生成,false,待建：题目/<主题型>/22-<English-Title>.md,改写后迁移,P0-独有题,当前库缺失该题，可进入候选批次，但必须先补官方事实、本地示例、权威 Java 与校验。,candidate,题:22,5
搜索和回溯/递归回溯/题解2.0.0-电话号码的字母组合.md,搜索和回溯,md,2660,搜索与回溯,题解档案,17,[17],电话号码的字母组合,false,待建：题目/<主题型>/17-<English-Title>.md,改写后迁移,P0-独有题,当前库缺失该题，可进入候选批次，但必须先补官方事实、本地示例、权威 Java 与校验。,candidate,题:17,5
搜索和回溯/递归回溯/题解2.0.0-组合总和.md,搜索和回溯,md,2429,搜索与回溯,题解档案,39,[39],组合总和,false,待建：题目/<主题型>/39-<English-Title>.md,改写后迁移,P0-独有题,当前库缺失该题，可进入候选批次，但必须先补官方事实、本地示例、权威 Java 与校验。,candidate,题:39,5
搜索和回溯/递归回溯/题解2.0.8-递归回溯标准格式确认.md,搜索和回溯,md,3128,搜索与回溯,题解档案,,[],,false,待人工定位,仅作素材,P3-素材,与当前规范存在职责重叠或质量不稳定，保留为检索素材，不直接进入稳定层。,candidate,主题:递归回溯标准格式确认,1
搜索和回溯/题目分类梳理V2.md,搜索和回溯,md,3460,搜索与回溯,通用原理与方法论,,[],,false,待定：02-概念专题/搜索与回溯.md,改写后迁移,P0-通用模型,跨题通用原理或方法论，适合改写为概念卡、核心模型、建模专题或 Java 速查，不直接复制。,candidate,主题:题目分类梳理v2,1
数组专题/4.1.1数组专题(1-5题)-Java版本/找到所有数组中消失的数字思考过程.md,数组专题,md,1947,数组,其他资料,,[],,false,待人工定位,仅作素材,P3-素材,与当前规范存在职责重叠或质量不稳定，保留为检索素材，不直接进入稳定层。,candidate,主题:找到所有数组中消失的数字思考过程,1
数组专题/4.1.1数组专题(1-5题)-Java版本/移动0问题思考过程.md,数组专题,md,1462,数组,其他资料,,[],,false,待人工定位,仅作素材,P3-素材,与当前规范存在职责重叠或质量不稳定，保留为检索素材，不直接进入稳定层。,candidate,主题:移动0问题思考过程,1
数组专题/4.1.24滑动窗口专题-Java版本.md,数组专题,md,25790,数组,批次题解,,"[3, 76, 209, 239, 438, 480, 523, 560, 567, 974, 992, 1343, 1456]",,false,待人工定位,仅作素材,P3-素材,与当前规范存在职责重叠或质量不稳定，保留为检索素材，不直接进入稳定层。,candidate,主题:4124滑动窗口专题,1
数组专题/4.1.2数组专题(6-10题)-Java版本/img/gDQdHXMYYhCKE7TE/1756130614172-8f475a62-3707-4b69-aff5-12f73f4effe5-330042.png,数组专题,png,178146,数组,资源图片,,[],,false,待人工定位,仅作素材,P3-素材,与当前规范存在职责重叠或质量不稳定，保留为检索素材，不直接进入稳定层。,candidate,主题:17561306141728f475a6237074b69aff512f73f4effe5330042png,1
数组专题/4.1.2数组专题(6-10题)-Java版本/index.md,数组专题,md,15293,数组,导航索引,,"[11, 15, 33, 34, 55]",,false,待人工定位,归档,P4-归档,仅承担旧库导航或批量索引职责，稳定导航应由当前库 README、学习看板自动替代。,candidate,主题:数组:数组专题/4.1.2数组专题(6-10题)-Java版本:index,1
数组专题/4.1.2数组专题(6-10题)-Java版本/三数之和思考过程.md,数组专题,md,1356,数组,其他资料,,[],,false,待人工定位,仅作素材,P3-素材,与当前规范存在职责重叠或质量不稳定，保留为检索素材，不直接进入稳定层。,candidate,主题:三数之和思考过程,1
数组专题/4.1.2数组专题(6-10题)-Java版本/双指针算法-为什么移动较短边的详细解释.md,数组专题,md,6847,数组,其他资料,,[],,false,待人工定位,仅作素材,P3-素材,与当前规范存在职责重叠或质量不稳定，保留为检索素材，不直接进入稳定层。,candidate,主题:双指针算法为什么移动较短边的详细解释,1
数组专题/4.1.2数组专题(6-10题)-Java版本/盛最多水的容器思考过程.md,数组专题,md,3584,数组,其他资料,,[],,false,待人工定位,仅作素材,P3-素材,与当前规范存在职责重叠或质量不稳定，保留为检索素材，不直接进入稳定层。,candidate,主题:盛最多水的容器思考过程,1
数组专题/4.1.3数组专题(11-15题)-Java版本/LeetCode215-数组中的第K个最大元素/060前K个高频元素.md,数组专题,md,4471,数组,单题资料,215,[215],符合人类逻辑的解题思路,true,题目/堆与选择/215-Kth-Largest-Element-in-an-Array.md,仅作素材,P3-旧题素材,当前库已有完整标准题解，旧文档降为推导、错因和表达素材。,candidate,题:215,13
数组专题/4.1.3数组专题(11-15题)-Java版本/LeetCode215-数组中的第K个最大元素/215官方题解.md,数组专题,md,5640,数组,单题资料,215,[215],符合人类逻辑的解题思路,true,题目/堆与选择/215-Kth-Largest-Element-in-an-Array.md,仅作素材,P3-旧题素材,当前库已有完整标准题解，旧文档降为推导、错因和表达素材。,candidate,题:215,13
数组专题/4.1.3数组专题(11-15题)-Java版本/LeetCode215-数组中的第K个最大元素/LeetCode215-符合人类逻辑的解题思路.md,数组专题,md,10230,数组,单题资料,215,[215],符合人类逻辑的解题思路,true,题目/堆与选择/215-Kth-Largest-Element-in-an-Array.md,仅作素材,P3-旧题素材,当前库已有完整标准题解，旧文档降为推导、错因和表达素材。,candidate,题:215,13
数组专题/4.1.3数组专题(11-15题)-Java版本/LeetCode215-数组中的第K个最大元素/小顶堆的逻辑自己写一下大概结构落实记忆.md,数组专题,md,624,数组,单题资料,215,[215],符合人类逻辑的解题思路,true,题目/堆与选择/215-Kth-Largest-Element-in-an-Array.md,仅作素材,P3-旧题素材,当前库已有完整标准题解，旧文档降为推导、错因和表达素材。,candidate,题:215,13
数组专题/4.1.3数组专题(11-15题)-Java版本/LeetCode215-数组中的第K个最大元素/排序算法全面对比-选择指南.md,数组专题,md,9807,数组,单题资料,215,[215],符合人类逻辑的解题思路,true,题目/堆与选择/215-Kth-Largest-Element-in-an-Array.md,仅作素材,P3-旧题素材,当前库已有完整标准题解，旧文档降为推导、错因和表达素材。,candidate,题:215,13
数组专题/4.1.3数组专题(11-15题)-Java版本/LeetCode215-数组中的第K个最大元素/时间复杂度分析详解-logn的本质.md,数组专题,md,7589,数组,单题资料,215,[215],符合人类逻辑的解题思路,true,题目/堆与选择/215-Kth-Largest-Element-in-an-Array.md,仅作素材,P3-旧题素材,当前库已有完整标准题解，旧文档降为推导、错因和表达素材。,candidate,题:215,13
数组专题/二分查找/在排序数组中查找元素的第一个和最后一个位置/微模板与易错点卡片.md,数组专题,md,1182,数组,微模板与易错点,,[],,false,待人工定位,仅作素材,P3-素材,与当前规范存在职责重叠或质量不稳定，保留为检索素材，不直接进入稳定层。,candidate,主题:数组:数组专题/二分查找/在排序数组中查找元素的第一个和最后一个位置:微模板与易错点卡片,1
数组专题/二分查找/寻找两个正序数组的中位数/微模板与易错点卡片.md,数组专题,md,1475,数组,微模板与易错点,,[],,false,待人工定位,仅作素材,P3-素材,与当前规范存在职责重叠或质量不稳定，保留为检索素材，不直接进入稳定层。,candidate,主题:数组:数组专题/二分查找/寻找两个正序数组的中位数:微模板与易错点卡片,1
数组专题/二分查找/搜索旋转排序数组/微模板与易错点卡片.md,数组专题,md,1045,数组,微模板与易错点,,[],,false,待人工定位,仅作素材,P3-素材,与当前规范存在职责重叠或质量不稳定，保留为检索素材，不直接进入稳定层。,candidate,主题:数组:数组专题/二分查找/搜索旋转排序数组:微模板与易错点卡片,1
数组专题/双指针/三数之和/微模板与易错点卡片.md,数组专题,md,1265,数组,微模板与易错点,,[],,false,待人工定位,仅作素材,P3-素材,与当前规范存在职责重叠或质量不稳定，保留为检索素材，不直接进入稳定层。,candidate,主题:数组:数组专题/双指针/三数之和:微模板与易错点卡片,1
数组专题/双指针/最短无序连续子数组/微模板与易错点卡片.md,数组专题,md,1084,数组,微模板与易错点,,[],,false,待人工定位,仅作素材,P3-素材,与当前规范存在职责重叠或质量不稳定，保留为检索素材，不直接进入稳定层。,candidate,主题:数组:数组专题/双指针/最短无序连续子数组:微模板与易错点卡片,1
数组专题/双指针/盛最多水的容器/微模板与易错点卡片.md,数组专题,md,767,数组,微模板与易错点,,[],,false,待人工定位,仅作素材,P3-素材,与当前规范存在职责重叠或质量不稳定，保留为检索素材，不直接进入稳定层。,candidate,主题:数组:数组专题/双指针/盛最多水的容器:微模板与易错点卡片,1
数组专题/双指针/移动零/微模板与易错点卡片.md,数组专题,md,761,数组,微模板与易错点,,[],,false,待人工定位,仅作素材,P3-素材,与当前规范存在职责重叠或质量不稳定，保留为检索素材，不直接进入稳定层。,candidate,主题:数组:数组专题/双指针/移动零:微模板与易错点卡片,1
数组专题/双指针/颜色分类/微模板与易错点卡片.md,数组专题,md,839,数组,微模板与易错点,,[],,false,待人工定位,仅作素材,P3-素材,与当前规范存在职责重叠或质量不稳定，保留为检索素材，不直接进入稳定层。,candidate,主题:数组:数组专题/双指针/颜色分类:微模板与易错点卡片,1
数组专题/哈希表/两数之和/微模板与易错点卡片.md,数组专题,md,982,数组,微模板与易错点,,[],,false,待人工定位,仅作素材,P3-素材,与当前规范存在职责重叠或质量不稳定，保留为检索素材，不直接进入稳定层。,candidate,主题:数组:数组专题/哈希表/两数之和:微模板与易错点卡片,1
数组专题/哈希表/字母异位词分组/微模板与易错点卡片.md,数组专题,md,640,数组,微模板与易错点,,[],,false,待人工定位,仅作素材,P3-素材,与当前规范存在职责重叠或质量不稳定，保留为检索素材，不直接进入稳定层。,candidate,主题:数组:数组专题/哈希表/字母异位词分组:微模板与易错点卡片,1
数组专题/哈希表/最长连续序列/微模板与易错点卡片.md,数组专题,md,967,数组,微模板与易错点,,[],,false,待人工定位,仅作素材,P3-素材,与当前规范存在职责重叠或质量不稳定，保留为检索素材，不直接进入稳定层。,candidate,主题:数组:数组专题/哈希表/最长连续序列:微模板与易错点卡片,1
数组专题/学习顺序-数组专题12题.md,数组专题,md,2750,数组,导航索引,,[],,false,待人工定位,归档,P4-归档,仅承担旧库导航或批量索引职责，稳定导航应由当前库 README、学习看板自动替代。,candidate,主题:数组:数组专题:学习顺序数组专题12题,1
数组专题/导航.md,数组专题,md,568,数组,导航索引,,[],,false,待人工定位,归档,P4-归档,仅承担旧库导航或批量索引职责，稳定导航应由当前库 README、学习看板自动替代。,candidate,主题:数组:数组专题:导航,1
数组专题/排序/前K个高频元素/微模板与易错点卡片.md,数组专题,md,1131,数组,微模板与易错点,,[],,false,待人工定位,仅作素材,P3-素材,与当前规范存在职责重叠或质量不稳定，保留为检索素材，不直接进入稳定层。,candidate,主题:数组:数组专题/排序/前K个高频元素:微模板与易错点卡片,1
数组专题/排序/数组中的第K个最大元素/微模板与易错点卡片.md,数组专题,md,1195,数组,微模板与易错点,,[],,false,待人工定位,仅作素材,P3-素材,与当前规范存在职责重叠或质量不稳定，保留为检索素材，不直接进入稳定层。,candidate,主题:数组:数组专题/排序/数组中的第K个最大元素:微模板与易错点卡片,1
数组专题/滑动窗口.md,数组专题,md,1037,数组,其他资料,,[],,false,待人工定位,仅作素材,P3-素材,与当前规范存在职责重叠或质量不稳定，保留为检索素材，不直接进入稳定层。,candidate,主题:滑动窗口,1
栈专题/1-基础栈结构/LeetCode155-最小栈.md,栈专题,md,21293,栈,单题资料,155,[155],最小栈,true,题目/栈/155-Min-Stack.md,仅作素材,P3-旧题素材,当前库已有完整标准题解，旧文档降为推导、错因和表达素材。,candidate,题:155,3
栈专题/1-基础栈结构/LeetCode20-有效的括号.md,栈专题,md,13798,栈,单题资料,20,[20],有效的括号,true,题目/栈/20-Valid-Parentheses.md,仅作素材,P3-旧题素材,当前库已有完整标准题解，旧文档降为推导、错因和表达素材。,candidate,题:20,3
栈专题/1-基础栈结构/基础栈结构原理详解.md,栈专题,md,10686,栈,通用原理与方法论,,[],,false,待定：02-概念专题/栈结构模型.md,改写后迁移,P0-通用模型,跨题通用原理或方法论，适合改写为概念卡、核心模型、建模专题或 Java 速查，不直接复制。,candidate,主题:基础栈结构原理,1
栈专题/2-单调栈结构/LeetCode496-下一个更大元素I.md,栈专题,md,17592,栈,单题资料,496,"[496, 503]",下一个更大元素I,false,待建：题目/<主题型>/496-<English-Title>.md,改写后迁移,P0-独有题,当前库缺失该题，可进入候选批次，但必须先补官方事实、本地示例、权威 Java 与校验。,candidate,题:496,2
栈专题/2-单调栈结构/LeetCode84-柱状图中最大的矩形.md,栈专题,md,22463,栈,单题资料,84,"[42, 84, 85, 221]",柱状图中最大的矩形,true,题目/单调栈/84-Largest-Rectangle-in-Histogram.md,仅作素材,P3-旧题素材,当前库已有完整标准题解，旧文档降为推导、错因和表达素材。,candidate,题:84,4
栈专题/2-单调栈结构/img/Z8JTINscf8-5teHE/1632901401287-8081dd4c-770f-442c-bc08-8fd327cd137f-432286.jpeg,栈专题,jpeg,12560,栈,资源图片,,[],,false,待定：02-概念专题/栈结构模型.md,仅作素材,P3-素材,与当前规范存在职责重叠或质量不稳定，保留为检索素材，不直接进入稳定层。,candidate,主题:16329014012878081dd4c770f442cbc088fd327cd137f432286jpeg,1
栈专题/2-单调栈结构/单调栈结构原理详解.md,栈专题,md,15932,栈,通用原理与方法论,,[],,false,待定：02-概念专题/栈结构模型.md,改写后迁移,P0-通用模型,跨题通用原理或方法论，适合改写为概念卡、核心模型、建模专题或 Java 速查，不直接复制。,candidate,主题:单调栈结构原理,2
栈专题/3-双栈结构/LeetCode232-用栈实现队列.md,栈专题,md,23923,栈,单题资料,232,"[225, 232]",用栈实现队列,true,题目/设计/232-Implement-Queue-using-Stacks.md,仅作素材,P3-旧题素材,当前库已有完整标准题解，旧文档降为推导、错因和表达素材。,candidate,题:232,3
栈专题/3-双栈结构/双栈结构原理详解.md,栈专题,md,18097,栈,通用原理与方法论,,[],,false,待定：02-概念专题/栈结构模型.md,改写后迁移,P0-通用模型,跨题通用原理或方法论，适合改写为概念卡、核心模型、建模专题或 Java 速查，不直接复制。,candidate,主题:双栈结构原理,3
栈专题/4-栈+哈希表结构/LeetCode1249-移除无效的括号.md,栈专题,md,26627,栈,单题资料,1249,"[20, 22, 32, 301, 1249]",移除无效的括号,true,题目/栈/1249-Minimum-Remove-to-Make-Valid-Parentheses.md,仅作素材,P3-旧题素材,当前库已有完整标准题解，旧文档降为推导、错因和表达素材。,candidate,题:1249,3
栈专题/4-栈+哈希表结构/LeetCode739-每日温度.md,栈专题,md,29981,栈,单题资料,739,"[496, 503, 739]",每日温度,true,题目/单调结构/739-Daily-Temperatures.md,仅作素材,P3-旧题素材,当前库已有完整标准题解，旧文档降为推导、错因和表达素材。,candidate,题:739,5
栈专题/4-栈+哈希表结构/栈+哈希表结构原理详解.md,栈专题,md,20203,栈,通用原理与方法论,,[],,false,待定：02-概念专题/栈结构模型.md,改写后迁移,P0-通用模型,跨题通用原理或方法论，适合改写为概念卡、核心模型、建模专题或 Java 速查，不直接复制。,candidate,主题:栈哈希表结构原理,2
栈专题/4.1.19栈专题(1-5题)-Java版本.md,栈专题,md,19210,栈,批次题解,,"[20, 84, 155, 394, 739]",,false,待人工定位,仅作素材,P3-素材,与当前规范存在职责重叠或质量不稳定，保留为检索素材，不直接进入稳定层。,candidate,主题:4119栈专题15题,1
栈专题/4.1.20栈专题(6-8题)-Java版本.md,栈专题,md,20749,栈,批次题解,,"[32, 42, 71, 85, 150, 224, 225, 227, 232, 316, 402, 456, 496, 503, 716, 901, 1130]",,false,待人工定位,仅作素材,P3-素材,与当前规范存在职责重叠或质量不稳定，保留为检索素材，不直接进入稳定层。,candidate,主题:4120栈专题68题,1
栈专题/5-递归栈模拟结构/LeetCode341-扁平化嵌套列表迭代器.md,栈专题,md,42344,栈,单题资料,341,"[173, 341]",扁平化嵌套列表迭代器,false,待建：题目/<主题型>/341-<English-Title>.md,改写后迁移,P0-独有题,当前库缺失该题，可进入候选批次，但必须先补官方事实、本地示例、权威 Java 与校验。,candidate,题:341,1
栈专题/5-递归栈模拟结构/LeetCode94-二叉树的中序遍历.md,栈专题,md,37871,栈,单题资料,94,"[94, 102, 144, 145]",二叉树的中序遍历,true,题目/二叉树/94-Binary-Tree-Inorder-Traversal.md,仅作素材,P3-旧题素材,当前库已有完整标准题解，旧文档降为推导、错因和表达素材。,candidate,题:94,2
栈专题/5-递归栈模拟结构/递归栈模拟结构原理详解.md,栈专题,md,26647,栈,通用原理与方法论,,[],,false,待定：02-概念专题/栈结构模型.md,改写后迁移,P0-通用模型,跨题通用原理或方法论，适合改写为概念卡、核心模型、建模专题或 Java 速查，不直接复制。,candidate,主题:递归栈模拟结构原理,1
栈专题/6-表达式栈结构/LeetCode150-逆波兰表达式求值.md,栈专题,md,43551,栈,单题资料,150,"[150, 224]",逆波兰表达式求值,true,题目/栈/150-Evaluate-Reverse-Polish-Notation.md,仅作素材,P3-旧题素材,当前库已有完整标准题解，旧文档降为推导、错因和表达素材。,candidate,题:150,1
栈专题/6-表达式栈结构/LeetCode224-基本计算器.md,栈专题,md,54629,栈,单题资料,224,"[224, 227, 772]",基本计算器,true,题目/栈/224-Basic-Calculator.md,仅作素材,P3-旧题素材,当前库已有完整标准题解，旧文档降为推导、错因和表达素材。,candidate,题:224,1
栈专题/6-表达式栈结构/表达式栈结构原理详解.md,栈专题,md,38503,栈,通用原理与方法论,,[],,false,待定：02-概念专题/栈结构模型.md,改写后迁移,P0-通用模型,跨题通用原理或方法论，适合改写为概念卡、核心模型、建模专题或 Java 速查，不直接复制。,candidate,主题:表达式栈结构原理,1
栈专题/7-状态栈结构/LeetCode394-字符串解码.md,栈专题,md,39402,栈,单题资料,394,[394],字符串解码,true,题目/栈/394-Decode-String.md,仅作素材,P3-旧题素材,当前库已有完整标准题解，旧文档降为推导、错因和表达素材。,candidate,题:394,5
栈专题/7-状态栈结构/LeetCode636-函数的独占时间.md,栈专题,md,37259,栈,单题资料,636,[636],函数的独占时间,false,待建：题目/<主题型>/636-<English-Title>.md,改写后迁移,P0-独有题,当前库缺失该题，可进入候选批次，但必须先补官方事实、本地示例、权威 Java 与校验。,candidate,题:636,1
栈专题/7-状态栈结构/状态栈结构原理详解.md,栈专题,md,36058,栈,通用原理与方法论,,[],,false,待定：02-概念专题/栈结构模型.md,改写后迁移,P0-通用模型,跨题通用原理或方法论，适合改写为概念卡、核心模型、建模专题或 Java 速查，不直接复制。,candidate,主题:状态栈结构原理,1
栈专题/8-栈的综合应用/LeetCode42-接雨水.md,栈专题,md,51131,栈,单题资料,42,"[11, 42, 85, 407]",接雨水,true,题目/双指针/42-Trapping-Rain-Water.md,仅作素材,P3-旧题素材,当前库已有完整标准题解，旧文档降为推导、错因和表达素材。,candidate,题:42,5
栈专题/8-栈的综合应用/LeetCode85-最大矩形.md,栈专题,md,49738,栈,单题资料,85,"[84, 85, 221]",最大矩形,false,待建：题目/<主题型>/85-<English-Title>.md,改写后迁移,P0-独有题,当前库缺失该题，可进入候选批次，但必须先补官方事实、本地示例、权威 Java 与校验。,candidate,题:85,10
栈专题/8-栈的综合应用/img/64mYvQLrQTwRFadT/1587652825913-22489202-afed-48b4-a0b5-90243ab23899-411809.png,栈专题,png,7848,栈,资源图片,,[],,false,待人工定位,仅作素材,P3-素材,与当前规范存在职责重叠或质量不稳定，保留为检索素材，不直接进入稳定层。,candidate,主题:158765282591322489202afed48b4a0b590243ab23899411809png,1
栈专题/8-栈的综合应用/img/VlMknxXazYpjBJsU/1615348552802-21a55c42-a597-412a-9d8b-09520c0d849e-161560.jpeg,栈专题,jpeg,14597,栈,资源图片,,[],,false,待人工定位,仅作素材,P3-素材,与当前规范存在职责重叠或质量不稳定，保留为检索素材，不直接进入稳定层。,candidate,主题:161534855280221a55c42a597412a9d8b09520c0d849e161560jpeg,1
栈专题/LeetCode-155-最小栈.md,栈专题,md,9043,栈,单题资料,155,"[155, 239]",最小栈,true,题目/栈/155-Min-Stack.md,仅作素材,P3-旧题素材,当前库已有完整标准题解，旧文档降为推导、错因和表达素材。,candidate,题:155,3
栈专题/LeetCode-20-有效的括号.md,栈专题,md,7160,栈,单题资料,20,"[20, 22, 32, 301]",有效的括号,true,题目/栈/20-Valid-Parentheses.md,仅作素材,P3-旧题素材,当前库已有完整标准题解，旧文档降为推导、错因和表达素材。,candidate,题:20,3
栈专题/LeetCode-234-回文链表.md,栈专题,md,11310,栈,单题资料,234,"[5, 9, 125, 234, 647]",回文链表,false,待建：题目/<主题型>/234-<English-Title>.md,改写后迁移,P0-独有题,当前库缺失该题，可进入候选批次，但必须先补官方事实、本地示例、权威 Java 与校验。,candidate,题:234,2
栈专题/LeetCode-32-最长有效括号.md,栈专题,md,8147,栈,单题资料,32,"[20, 22, 32, 301]",最长有效括号,true,题目/栈/32-Longest-Valid-Parentheses.md,仅作素材,P3-旧题素材,当前库已有完整标准题解，旧文档降为推导、错因和表达素材。,candidate,题:32,6
栈专题/LeetCode-394-字符串解码.md,栈专题,md,10363,栈,单题资料,394,"[20, 224, 301, 394]",字符串解码,true,题目/栈/394-Decode-String.md,仅作素材,P3-旧题素材,当前库已有完整标准题解，旧文档降为推导、错因和表达素材。,candidate,题:394,5
栈专题/LeetCode-42-接雨水.md,栈专题,md,8277,栈,单题资料,42,"[42, 84, 85, 316, 407, 496, 739]",接雨水,true,题目/双指针/42-Trapping-Rain-Water.md,仅作素材,P3-旧题素材,当前库已有完整标准题解，旧文档降为推导、错因和表达素材。,candidate,题:42,5
栈专题/LeetCode-739-每日温度.md,栈专题,md,10167,栈,单题资料,739,"[84, 85, 496, 503, 739]",每日温度,true,题目/单调结构/739-Daily-Temperatures.md,仅作素材,P3-旧题素材,当前库已有完整标准题解，旧文档降为推导、错因和表达素材。,candidate,题:739,5
栈专题/LeetCode-84-柱状图中最大的矩形.md,栈专题,md,9680,栈,单题资料,84,"[42, 84, 85, 221, 316, 496, 739]",柱状图中最大的矩形,true,题目/单调栈/84-Largest-Rectangle-in-Histogram.md,仅作素材,P3-旧题素材,当前库已有完整标准题解，旧文档降为推导、错因和表达素材。,candidate,题:84,4
栈专题/LeetCode-85-最大矩形.md,栈专题,md,10524,栈,单题资料,85,"[42, 84, 85, 221, 764]",最大矩形,false,待建：题目/<主题型>/85-<English-Title>.md,改写后迁移,P0-独有题,当前库缺失该题，可进入候选批次，但必须先补官方事实、本地示例、权威 Java 与校验。,candidate,题:85,10
栈专题/img/HoLP819NWo4RvDvD/1587652825913-22489202-afed-48b4-a0b5-90243ab23899-182330.png,栈专题,png,7848,栈,资源图片,,[],,false,待人工定位,仅作素材,P3-素材,与当前规范存在职责重叠或质量不稳定，保留为检索素材，不直接进入稳定层。,candidate,主题:158765282591322489202afed48b4a0b590243ab23899182330png,1
栈专题/img/MWJqIcG_tS5MP7B7/1615348552802-21a55c42-a597-412a-9d8b-09520c0d849e-116236.jpeg,栈专题,jpeg,14597,栈,资源图片,,[],,false,待人工定位,仅作素材,P3-素材,与当前规范存在职责重叠或质量不稳定，保留为检索素材，不直接进入稳定层。,candidate,主题:161534855280221a55c42a597412a9d8b09520c0d849e116236jpeg,1
栈专题/img/T3WJibJppOe66VLG/1632901401287-8081dd4c-770f-442c-bc08-8fd327cd137f-743967.jpeg,栈专题,jpeg,12560,栈,资源图片,,[],,false,待人工定位,仅作素材,P3-素材,与当前规范存在职责重叠或质量不稳定，保留为检索素材，不直接进入稳定层。,candidate,主题:16329014012878081dd4c770f442cbc088fd327cd137f743967jpeg,1
栈专题/学习产出/栈/一些画图/32最长有效括号.md,栈专题,md,473,栈,其他资料,,[],,false,待人工定位,仅作素材,P3-素材,与当前规范存在职责重叠或质量不稳定，保留为检索素材，不直接进入稳定层。,candidate,主题:32最长有效括号,2
栈专题/学习产出/栈/一些画图/img/h-ZDp6fMckVG4qO5/1758876646677-bdf088bb-f608-4fde-b9c3-ad3900416b1f-095234.png,栈专题,png,102318,栈,资源图片,,[],,false,待人工定位,仅作素材,P3-素材,与当前规范存在职责重叠或质量不稳定，保留为检索素材，不直接进入稳定层。,candidate,主题:1758876646677bdf088bbf6084fdeb9c3ad3900416b1f095234png,1
栈专题/学习产出/栈/单调栈/84题最大矩形;二维数据的数据转化和单调栈.md,栈专题,md,2225,栈,其他资料,,[],,false,待定：02-概念专题/单调栈与哨兵.md,仅作素材,P3-素材,与当前规范存在职责重叠或质量不稳定，保留为检索素材，不直接进入稳定层。,candidate,主题:84题最大矩形二维数据的数据转化和单调栈,1
栈专题/学习产出/栈/单调栈/84题柱状中中的最大矩形的理解过程.md,栈专题,md,1521,栈,其他资料,,[],,false,待定：02-概念专题/单调栈与哨兵.md,仅作素材,P3-素材,与当前规范存在职责重叠或质量不稳定，保留为检索素材，不直接进入稳定层。,candidate,主题:84题柱状中中的最大矩形的理解过程,1
栈专题/学习产出/栈/单调栈/img/EzKll5cCzM1kNi7P/1758630217091-565374fd-b632-4c67-bc30-1720c367de3c-798827.png,栈专题,png,316402,栈,资源图片,,[],,false,待定：02-概念专题/单调栈与哨兵.md,仅作素材,P3-素材,与当前规范存在职责重叠或质量不稳定，保留为检索素材，不直接进入稳定层。,candidate,主题:1758630217091565374fdb6324c67bc301720c367de3c798827png,1
栈专题/学习产出/栈/单调栈/从栈顶元素视角理解单调栈.md,栈专题,md,1367,栈,其他资料,,[],,false,待定：02-概念专题/单调栈与哨兵.md,仅作素材,P3-素材,与当前规范存在职责重叠或质量不稳定，保留为检索素材，不直接进入稳定层。,candidate,主题:从栈顶元素视角理解单调栈,1
栈专题/学习产出/栈/单调栈/关于单调栈的总结.md,栈专题,md,582,栈,其他资料,,[],,false,待定：02-概念专题/单调栈与哨兵.md,仅作素材,P3-素材,与当前规范存在职责重叠或质量不稳定，保留为检索素材，不直接进入稳定层。,candidate,主题:关于单调栈的,1
栈专题/学习产出/栈/单调栈/单调栈中哨兵元素的使用.md,栈专题,md,5982,栈,其他资料,,[],,false,待定：02-概念专题/单调栈与哨兵.md,仅作素材,P3-素材,与当前规范存在职责重叠或质量不稳定，保留为检索素材，不直接进入稳定层。,candidate,主题:单调栈中哨兵元素的使用,1
栈专题/学习产出/栈/单调栈/单调栈哨兵元素深度解析.md,栈专题,md,12716,栈,通用原理与方法论,,"[42, 84, 496, 739]",,false,待定：02-概念专题/单调栈与哨兵.md,改写后迁移,P0-通用模型,跨题通用原理或方法论，适合改写为概念卡、核心模型、建模专题或 Java 速查，不直接复制。,candidate,主题:单调栈哨兵元素,2
栈专题/学习产出/栈/单调栈/单调栈思考：值关系与应用.md,栈专题,md,4288,栈,其他资料,,"[42, 84, 496, 739, 901]",,false,待定：02-概念专题/单调栈与哨兵.md,仅作素材,P3-素材,与当前规范存在职责重叠或质量不稳定，保留为检索素材，不直接进入稳定层。,candidate,主题:单调栈思考值关系与应用,1
栈专题/学习产出/栈/单调栈/单调栈的理解和记忆V2.0.md,栈专题,md,7376,栈,其他资料,,[],,false,待定：02-概念专题/单调栈与哨兵.md,仅作素材,P3-素材,与当前规范存在职责重叠或质量不稳定，保留为检索素材，不直接进入稳定层。,candidate,主题:单调栈的理解和记忆v20,1
栈专题/学习产出/栈/单调栈/如何选择哨兵.md,栈专题,md,1668,栈,其他资料,,[],,false,待定：02-概念专题/单调栈与哨兵.md,仅作素材,P3-素材,与当前规范存在职责重叠或质量不稳定，保留为检索素材，不直接进入稳定层。,candidate,主题:如何选择哨兵,1
栈专题/学习产出/栈/单调栈/综合应用接雨水简易实现.md,栈专题,md,5960,栈,其他资料,,[],,false,待定：02-概念专题/单调栈与哨兵.md,仅作素材,P3-素材,与当前规范存在职责重叠或质量不稳定，保留为检索素材，不直接进入稳定层。,candidate,主题:综合应用接雨水简易实现,1
栈专题/学习产出/栈/状态栈/问题1.0.1-字符串解码状态可视化.md,栈专题,md,9608,栈,问题档案,,[],,false,待定：02-概念专题/表达式与状态栈.md,仅作素材,P3-素材,与当前规范存在职责重叠或质量不稳定，保留为检索素材，不直接进入稳定层。,candidate,主题:字符串解码状态可视化,2
栈专题/学习产出/栈/状态栈/问题1.0.2-状态栈分析框架.md,栈专题,md,5468,栈,问题档案,,[],,false,待定：02-概念专题/表达式与状态栈.md,仅作素材,P3-素材,与当前规范存在职责重叠或质量不稳定，保留为检索素材，不直接进入稳定层。,candidate,主题:状态栈分析框架,2
栈专题/学习产出/栈/状态栈/问题1.0.3-currentStr变化图解.md,栈专题,md,7010,栈,问题档案,,[],,false,待定：02-概念专题/表达式与状态栈.md,仅作素材,P3-素材,与当前规范存在职责重叠或质量不稳定，保留为检索素材，不直接进入稳定层。,candidate,主题:currentstr变化图解,2
栈专题/学习产出/栈/状态栈/题解2.0.1-字符串解码状态栈.md,栈专题,md,6317,栈,题解档案,,[],,false,待定：02-概念专题/表达式与状态栈.md,仅作素材,P3-素材,与当前规范存在职责重叠或质量不稳定，保留为检索素材，不直接进入稳定层。,candidate,主题:字符串解码状态栈,2
栈专题/导航.md,栈专题,md,2308,栈,导航索引,,"[20, 32, 42, 84, 85, 155, 234, 394, 739]",,false,待人工定位,归档,P4-归档,仅承担旧库导航或批量索引职责，稳定导航应由当前库 README、学习看板自动替代。,candidate,主题:栈:栈专题:导航,1
栈专题/栈实现二叉树遍历.md,栈专题,md,10741,栈,其他资料,,[],,false,待人工定位,仅作素材,P3-素材,与当前规范存在职责重叠或质量不稳定，保留为检索素材，不直接进入稳定层。,candidate,主题:栈实现二叉树遍历,1
栈专题/栈数据结构知识体系总结.md,栈专题,md,22419,栈,通用原理与方法论,,"[1, 20, 42, 84, 85, 94, 144, 145, 150, 155, 224, 232, 394, 496, 636, 716, 739]",,false,待定：02-概念专题/栈结构模型.md,改写后迁移,P0-通用模型,跨题通用原理或方法论，适合改写为概念卡、核心模型、建模专题或 Java 速查，不直接复制。,candidate,主题:栈数据结构知识体系,1
栈专题/栈的算法应用场景与特性.md,栈专题,md,21143,栈,通用原理与方法论,,[],,false,待人工定位,改写后迁移,P0-通用模型,跨题通用原理或方法论，适合改写为概念卡、核心模型、建模专题或 Java 速查，不直接复制。,candidate,主题:栈的算法应用场景与特性,1
栈专题/栈的结构分类与LeetCode题目对照.md,栈专题,md,24871,栈,通用原理与方法论,,"[20, 42, 71, 84, 85, 94, 113, 129, 144, 145, 150, 155, 200, 224, 225, 227, 232, 257, 316, 394, 496, 503, 695, 716, 739, 772, 988, 1047, 1209, 1249]",,false,待定：02-概念专题/栈结构模型.md,改写后迁移,P0-通用模型,跨题通用原理或方法论，适合改写为概念卡、核心模型、建模专题或 Java 速查，不直接复制。,candidate,主题:栈的结构分类与leetcode题目对照,1
栈专题/栈的结构特性与记忆方法.md,栈专题,md,9377,栈,通用原理与方法论,,[],,false,待定：02-概念专题/栈结构模型.md,改写后迁移,P0-通用模型,跨题通用原理或方法论，适合改写为概念卡、核心模型、建模专题或 Java 速查，不直接复制。,candidate,主题:栈的结构特性与记忆方法,1
栈专题/栈算法练习指南.md,栈专题,md,28394,栈,其他资料,,"[20, 32, 42, 84, 85, 94, 150, 155, 224, 225, 227, 232, 316, 341, 394, 496, 503, 636, 739, 772, 844, 1047]",,false,待人工定位,仅作素材,P3-素材,与当前规范存在职责重叠或质量不稳定，保留为检索素材，不直接进入稳定层。,candidate,主题:栈算法练习指南,1
栈专题/问题1.0.0-最大矩形.md,栈专题,md,3526,栈,问题档案,85,"[84, 85, 221]",最大矩形,false,待建：题目/<主题型>/85-<English-Title>.md,改写后迁移,P0-独有题,当前库缺失该题，可进入候选批次，但必须先补官方事实、本地示例、权威 Java 与校验。,candidate,题:85,10
栈专题/问题1.0.0-最长有效括号.md,栈专题,md,3292,栈,问题档案,32,[32],最长有效括号,true,题目/栈/32-Longest-Valid-Parentheses.md,仅作素材,P3-旧题素材,当前库已有完整标准题解，旧文档降为推导、错因和表达素材。,candidate,题:32,6
栈专题/题解2.0.0-最大矩形.md,栈专题,md,5322,栈,题解档案,85,"[42, 84, 85, 221]",最大矩形,false,待建：题目/<主题型>/85-<English-Title>.md,改写后迁移,P0-独有题,当前库缺失该题，可进入候选批次，但必须先补官方事实、本地示例、权威 Java 与校验。,candidate,题:85,10
栈专题/题解2.0.0-最长有效括号.md,栈专题,md,4938,栈,题解档案,32,[32],最长有效括号,true,题目/栈/32-Longest-Valid-Parentheses.md,仅作素材,P3-旧题素材,当前库已有完整标准题解，旧文档降为推导、错因和表达素材。,candidate,题:32,6
栈和哈希表/LeetCode1249-移除无效的括号.md,栈和哈希表,md,26466,栈与哈希表,单题资料,1249,"[20, 22, 32, 301, 1249]",移除无效的括号,true,题目/栈/1249-Minimum-Remove-to-Make-Valid-Parentheses.md,仅作素材,P3-旧题素材,当前库已有完整标准题解，旧文档降为推导、错因和表达素材。,candidate,题:1249,3
栈和哈希表/LeetCode739-每日温度.md,栈和哈希表,md,29830,栈与哈希表,单题资料,739,"[496, 503, 739]",每日温度,true,题目/单调结构/739-Daily-Temperatures.md,仅作素材,P3-旧题素材,当前库已有完整标准题解，旧文档降为推导、错因和表达素材。,candidate,题:739,5
栈和哈希表/导航.md,栈和哈希表,md,487,栈与哈希表,导航索引,,"[739, 1249]",,false,待人工定位,归档,P4-归档,仅承担旧库导航或批量索引职责，稳定导航应由当前库 README、学习看板自动替代。,candidate,主题:栈与哈希表:栈和哈希表:导航,1
栈和哈希表/栈+哈希表结构原理详解.md,栈和哈希表,md,20045,栈与哈希表,通用原理与方法论,,[],,false,待人工定位,改写后迁移,P0-通用模型,跨题通用原理或方法论，适合改写为概念卡、核心模型、建模专题或 Java 速查，不直接复制。,candidate,主题:栈哈希表结构原理,2
栈和哈希表/题解2.0.0-每日温度.md,栈和哈希表,md,6062,栈与哈希表,题解档案,739,"[84, 496, 503, 739, 901]",每日温度,true,题目/单调结构/739-Daily-Temperatures.md,仅作素材,P3-旧题素材,当前库已有完整标准题解，旧文档降为推导、错因和表达素材。,candidate,题:739,5
栈和哈希表/题解2.0.0-移除无效的括号.md,栈和哈希表,md,7474,栈与哈希表,题解档案,1249,"[20, 32, 301, 1249]",移除无效的括号,true,题目/栈/1249-Minimum-Remove-to-Make-Valid-Parentheses.md,仅作素材,P3-旧题素材,当前库已有完整标准题解，旧文档降为推导、错因和表达素材。,candidate,题:1249,3
框架/springBoot/bean的生命周期/AOP服务-Bean生命周期.md,框架,md,2458,框架,其他资料,,[],,false,资料库/框架,拆分到其他资料库,P2-其他资料库,内容不属于算法标准库，应迁往更宽的资料库层级，避免污染算法五层结构。,candidate,主题:aop服务bean生命周期,1
框架/springBoot/bean的生命周期/Bean生命周期-总结.md,框架,md,2312,框架,其他资料,,[],,false,资料库/框架,拆分到其他资料库,P2-其他资料库,内容不属于算法标准库，应迁往更宽的资料库层级，避免污染算法五层结构。,candidate,主题:bean生命周期,1
框架/springBoot/bean的生命周期/Bean生命周期-速记卡.md,框架,md,1583,框架,其他资料,,[],,false,资料库/框架,拆分到其他资料库,P2-其他资料库,内容不属于算法标准库，应迁往更宽的资料库层级，避免污染算法五层结构。,candidate,主题:bean生命周期速记卡,1
框架/springBoot/bean的生命周期/事务-Bean生命周期.md,框架,md,2402,框架,其他资料,,[],,false,资料库/框架,拆分到其他资料库,P2-其他资料库,内容不属于算法标准库，应迁往更宽的资料库层级，避免污染算法五层结构。,candidate,主题:事务bean生命周期,1
框架/springBoot/bean的生命周期/异步方法-Bean生命周期.md,框架,md,2143,框架,其他资料,,[],,false,资料库/框架,拆分到其他资料库,P2-其他资料库,内容不属于算法标准库，应迁往更宽的资料库层级，避免污染算法五层结构。,candidate,主题:异步方法bean生命周期,1
框架/springBoot/bean的生命周期/普通组件-Bean生命周期.md,框架,md,3258,框架,其他资料,,[],,false,资料库/框架,拆分到其他资料库,P2-其他资料库,内容不属于算法标准库，应迁往更宽的资料库层级，避免污染算法五层结构。,candidate,主题:普通组件bean生命周期,1
框架/导航.md,框架,md,74,框架,导航索引,,[],,false,资料库/框架,拆分到其他资料库,P2-其他资料库,内容不属于算法标准库，应迁往更宽的资料库层级，避免污染算法五层结构。,candidate,主题:框架:框架:导航,1
算法优化思想/导航.md,算法优化思想,md,169,算法优化,导航索引,,[],,false,待人工定位,归档,P4-归档,仅承担旧库导航或批量索引职责，稳定导航应由当前库 README、学习看板自动替代。,candidate,主题:算法优化:算法优化思想:导航,1
算法优化思想/算法优化思想-滚动数组与增量更新.md,算法优化思想,md,5971,算法优化,其他资料,,[],,false,待人工定位,仅作素材,P3-素材,与当前规范存在职责重叠或质量不稳定，保留为检索素材，不直接进入稳定层。,candidate,主题:算法优化思想滚动数组与增量更新,1
网络协议专题/HTTP2协议/C语言Socket系统调用实现详解.md,网络协议专题,md,10040,网络协议,其他资料,,[],,false,资料库/网络协议,拆分到其他资料库,P2-其他资料库,内容不属于算法标准库，应迁往更宽的资料库层级，避免污染算法五层结构。,candidate,主题:c语言socket系统调用实现,1
网络协议专题/HTTP2协议/HTTP2核心特性与技术优势.md,网络协议专题,md,35742,网络协议,其他资料,,[],,false,资料库/网络协议,拆分到其他资料库,P2-其他资料库,内容不属于算法标准库，应迁往更宽的资料库层级，避免污染算法五层结构。,candidate,主题:http2核心特性与技术优势,1
网络协议专题/HTTP2协议/HTTP协议演进历程.md,网络协议专题,md,19598,网络协议,其他资料,,[],,false,资料库/网络协议,拆分到其他资料库,P2-其他资料库,内容不属于算法标准库，应迁往更宽的资料库层级，避免污染算法五层结构。,candidate,主题:http协议演进历程,1
网络协议专题/HTTP2协议/Socket底层实现概述.md,网络协议专题,md,3247,网络协议,其他资料,,[],,false,资料库/网络协议,拆分到其他资料库,P2-其他资料库,内容不属于算法标准库，应迁往更宽的资料库层级，避免污染算法五层结构。,candidate,主题:socket底层实现概述,1
网络协议专题/HTTP2协议/TCP协议层数据传输实现详解.md,网络协议专题,md,17095,网络协议,其他资料,,[],,false,资料库/网络协议,拆分到其他资料库,P2-其他资料库,内容不属于算法标准库，应迁往更宽的资料库层级，避免污染算法五层结构。,candidate,主题:tcp协议层数据传输实现,1
网络协议专题/HTTP2协议/send-recv系统调用底层机制详解.md,网络协议专题,md,23404,网络协议,其他资料,,[],,false,资料库/网络协议,拆分到其他资料库,P2-其他资料库,内容不属于算法标准库，应迁往更宽的资料库层级，避免污染算法五层结构。,candidate,主题:sendrecv系统调用底层机制,1
网络协议专题/HTTP2协议/传输层协议详解.md,网络协议专题,md,34288,网络协议,其他资料,,[],,false,资料库/网络协议,拆分到其他资料库,P2-其他资料库,内容不属于算法标准库，应迁往更宽的资料库层级，避免污染算法五层结构。,candidate,主题:传输层协议,1
网络协议专题/HTTP2协议/内核数据结构和内存管理详解.md,网络协议专题,md,27231,网络协议,其他资料,,[],,false,资料库/网络协议,拆分到其他资料库,P2-其他资料库,内容不属于算法标准库，应迁往更宽的资料库层级，避免污染算法五层结构。,candidate,主题:内核数据结构和内存管理,1
网络协议专题/HTTP2协议/协议基础概念.md,网络协议专题,md,7271,网络协议,其他资料,,[],,false,资料库/网络协议,拆分到其他资料库,P2-其他资料库,内容不属于算法标准库，应迁往更宽的资料库层级，避免污染算法五层结构。,candidate,主题:协议基础概念,1
网络协议专题/HTTP2协议/协议本质理解总结.md,网络协议专题,md,8549,网络协议,其他资料,,[],,false,资料库/网络协议,拆分到其他资料库,P2-其他资料库,内容不属于算法标准库，应迁往更宽的资料库层级，避免污染算法五层结构。,candidate,主题:协议本质理解,1
网络协议专题/HTTP2协议/协议间交互机制.md,网络协议专题,md,27067,网络协议,其他资料,,[],,false,资料库/网络协议,拆分到其他资料库,P2-其他资料库,内容不属于算法标准库，应迁往更宽的资料库层级，避免污染算法五层结构。,candidate,主题:协议间交互机制,1
网络协议专题/HTTP2协议/导航.md,网络协议专题,md,3353,网络协议,导航索引,,[],,false,资料库/网络协议,拆分到其他资料库,P2-其他资料库,内容不属于算法标准库，应迁往更宽的资料库层级，避免污染算法五层结构。,candidate,主题:网络协议:网络协议专题/HTTP2协议:导航,1
网络协议专题/HTTP2协议/应用层协议详解.md,网络协议专题,md,57386,网络协议,其他资料,,[],,false,资料库/网络协议,拆分到其他资料库,P2-其他资料库,内容不属于算法标准库，应迁往更宽的资料库层级，避免污染算法五层结构。,candidate,主题:应用层协议,1
网络协议专题/HTTP2协议/简易协议实现示例.md,网络协议专题,md,11670,网络协议,其他资料,,[],,false,资料库/网络协议,拆分到其他资料库,P2-其他资料库,内容不属于算法标准库，应迁往更宽的资料库层级，避免污染算法五层结构。,candidate,主题:简易协议实现示例,1
网络协议专题/HTTP2协议/网卡硬件数据传输详解.md,网络协议专题,md,11501,网络协议,其他资料,,[],,false,资料库/网络协议,拆分到其他资料库,P2-其他资料库,内容不属于算法标准库，应迁往更宽的资料库层级，避免污染算法五层结构。,candidate,主题:网卡硬件数据传输,1
网络协议专题/HTTP2协议/网络层协议详解.md,网络协议专题,md,26300,网络协议,其他资料,,[],,false,资料库/网络协议,拆分到其他资料库,P2-其他资料库,内容不属于算法标准库，应迁往更宽的资料库层级，避免污染算法五层结构。,candidate,主题:网络层协议,1
网络协议专题/gRPC协议/gRPC与其他协议对比.md,网络协议专题,md,9503,网络协议,其他资料,,[],,false,资料库/网络协议,拆分到其他资料库,P2-其他资料库,内容不属于算法标准库，应迁往更宽的资料库层级，避免污染算法五层结构。,candidate,主题:grpc与其他协议对比,1
网络协议专题/gRPC协议/gRPC协议基础概念.md,网络协议专题,md,4586,网络协议,其他资料,,[],,false,资料库/网络协议,拆分到其他资料库,P2-其他资料库,内容不属于算法标准库，应迁往更宽的资料库层级，避免污染算法五层结构。,candidate,主题:grpc协议基础概念,1
网络协议专题/gRPC协议/gRPC实际应用场景.md,网络协议专题,md,13456,网络协议,通用原理与方法论,,[],,false,资料库/网络协议,拆分到其他资料库,P2-其他资料库,内容不属于算法标准库，应迁往更宽的资料库层级，避免污染算法五层结构。,candidate,主题:grpc实际应用场景,1
网络协议专题/gRPC协议/gRPC核心特性与优势.md,网络协议专题,md,7505,网络协议,其他资料,,[],,false,资料库/网络协议,拆分到其他资料库,P2-其他资料库,内容不属于算法标准库，应迁往更宽的资料库层级，避免污染算法五层结构。,candidate,主题:grpc核心特性与优势,1
网络协议专题/gRPC协议/导航.md,网络协议专题,md,779,网络协议,导航索引,,[],,false,资料库/网络协议,拆分到其他资料库,P2-其他资料库,内容不属于算法标准库，应迁往更宽的资料库层级，避免污染算法五层结构。,candidate,主题:网络协议:网络协议专题/gRPC协议:导航,1
超级索引.md,超级索引.md,md,521,仓库元数据,导航索引,,[],,false,整理工作区归档,忽略,P4-忽略,属于旧仓库元数据、生成文件、版本副本或临时内容，不进入 Obsidian 知识库。,candidate,主题:仓库元数据:超级索引.md:超级索引,1
迁移溯源记录.md,迁移溯源记录.md,md,329,仓库元数据,其他资料,,[],,false,整理工作区归档,忽略,P4-忽略,属于旧仓库元数据、生成文件、版本副本或临时内容，不进入 Obsidian 知识库。,candidate,主题:迁移溯源记录,1
链表专题/4.1.6链表专题(1-5题)-Java版本.md,链表专题,md,14395,链表,批次题解,,"[2, 19, 21, 23, 24]",,false,待人工定位,仅作素材,P3-素材,与当前规范存在职责重叠或质量不稳定，保留为检索素材，不直接进入稳定层。,candidate,主题:416链表专题15题,1
链表专题/4.1.7链表专题(6-10题)-Java版本.md,链表专题,md,15620,链表,批次题解,,"[25, 61, 82, 83, 86]",,false,待人工定位,仅作素材,P3-素材,与当前规范存在职责重叠或质量不稳定，保留为检索素材，不直接进入稳定层。,candidate,主题:417链表专题610题,1
链表专题/4.1.8链表专题(11题)-Java版本.md,链表专题,md,9862,链表,批次题解,,"[133, 138, 430, 1485]",,false,待人工定位,仅作素材,P3-素材,与当前规范存在职责重叠或质量不稳定，保留为检索素材，不直接进入稳定层。,candidate,主题:418链表专题11题,1
链表专题/导航.md,链表专题,md,377,链表,导航索引,,[],,false,待人工定位,归档,P4-归档,仅承担旧库导航或批量索引职责，稳定导航应由当前库 README、学习看板自动替代。,candidate,主题:链表:链表专题:导航,1
链表专题/链表.md,链表专题,md,7016,链表,其他资料,,[],,false,待人工定位,仅作素材,P3-素材,与当前规范存在职责重叠或质量不稳定，保留为检索素材，不直接进入稳定层。,candidate,主题:链表,1
题/4. LeetCode热题100专题_概括和吐槽版本.md,题,md,24378,单题资料,其他资料,,[],,false,待人工定位,仅作素材,P3-素材,与当前规范存在职责重叠或质量不稳定，保留为检索素材，不直接进入稳定层。,candidate,主题:4leetcode热题100专题概括和吐槽版本,1
题/4. LeetCode热题100专题分组.md,题,md,23933,单题资料,其他资料,,[],,false,待人工定位,仅作素材,P3-素材,与当前规范存在职责重叠或质量不稳定，保留为检索素材，不直接进入稳定层。,candidate,主题:4leetcode热题100专题分组,1
题/LeetCode-1-两数之和.md,题,md,2586,单题资料,单题资料,1,[1],两数之和,true,题目/数组与哈希/1-Two-Sum.md,仅作素材,P3-旧题素材,当前库已有完整标准题解，旧文档降为推导、错因和表达素材。,candidate,题:1,1
题/LeetCode-10-正则表达式匹配.md,题,md,2663,单题资料,单题资料,10,[10],正则表达式匹配,false,待建：题目/<主题型>/10-<English-Title>.md,改写后迁移,P0-独有题,当前库缺失该题，可进入候选批次，但必须先补官方事实、本地示例、权威 Java 与校验。,candidate,题:10,3
题/LeetCode-101-对称二叉树.md,题,md,1834,单题资料,单题资料,101,[101],对称二叉树,true,题目/二叉树/101-Symmetric-Tree.md,仅作素材,P3-旧题素材,当前库已有完整标准题解，旧文档降为推导、错因和表达素材。,candidate,题:101,1
题/LeetCode-102-二叉树的层序遍历.md,题,md,2081,单题资料,单题资料,102,[102],二叉树的层序遍历,true,题目/二叉树/102-Binary-Tree-Level-Order-Traversal.md,仅作素材,P3-旧题素材,当前库已有完整标准题解，旧文档降为推导、错因和表达素材。,candidate,题:102,1
题/LeetCode-104-二叉树的最大深度.md,题,md,1572,单题资料,单题资料,104,[104],二叉树的最大深度,false,待建：题目/<主题型>/104-<English-Title>.md,改写后迁移,P0-独有题,当前库缺失该题，可进入候选批次，但必须先补官方事实、本地示例、权威 Java 与校验。,candidate,题:104,1
题/LeetCode-105-从前序与中序遍历序列构造二叉树.md,题,md,2623,单题资料,单题资料,105,[105],从前序与中序遍历序列构造二叉树,false,待建：题目/<主题型>/105-<English-Title>.md,改写后迁移,P0-独有题,当前库缺失该题，可进入候选批次，但必须先补官方事实、本地示例、权威 Java 与校验。,candidate,题:105,1
题/LeetCode-11-盛最多水的容器.md,题,md,1781,单题资料,单题资料,11,[11],盛最多水的容器,true,题目/双指针/11-Container-With-Most-Water.md,仅作素材,P3-旧题素材,当前库已有完整标准题解，旧文档降为推导、错因和表达素材。,candidate,题:11,1
题/LeetCode-114-二叉树展开为链表.md,题,md,1871,单题资料,单题资料,114,[114],二叉树展开为链表,false,待建：题目/<主题型>/114-<English-Title>.md,改写后迁移,P0-独有题,当前库缺失该题，可进入候选批次，但必须先补官方事实、本地示例、权威 Java 与校验。,candidate,题:114,1
题/LeetCode-121-买卖股票的最佳时机.md,题,md,1697,单题资料,单题资料,121,[121],买卖股票的最佳时机,false,待建：题目/<主题型>/121-<English-Title>.md,改写后迁移,P0-独有题,当前库缺失该题，可进入候选批次，但必须先补官方事实、本地示例、权威 Java 与校验。,candidate,题:121,1
题/LeetCode-124-二叉树中的最大路径和.md,题,md,2085,单题资料,单题资料,124,[124],二叉树中的最大路径和,true,题目/二叉树/124-Binary-Tree-Maximum-Path-Sum.md,仅作素材,P3-旧题素材,当前库已有完整标准题解，旧文档降为推导、错因和表达素材。,candidate,题:124,1
题/LeetCode-128-最长连续序列.md,题,md,2379,单题资料,单题资料,128,[128],最长连续序列,true,题目/哈希表/128-Longest-Consecutive-Sequence.md,仅作素材,P3-旧题素材,当前库已有完整标准题解，旧文档降为推导、错因和表达素材。,candidate,题:128,1
题/LeetCode-136-只出现一次的数字.md,题,md,1022,单题资料,单题资料,136,[136],只出现一次的数字,true,题目/位运算/136-Single-Number.md,仅作素材,P3-旧题素材,当前库已有完整标准题解，旧文档降为推导、错因和表达素材。,candidate,题:136,1
题/LeetCode-139-单词拆分.md,题,md,1563,单题资料,单题资料,139,[139],单词拆分,true,题目/动态规划/139-Word-Break.md,仅作素材,P3-旧题素材,当前库已有完整标准题解，旧文档降为推导、错因和表达素材。,candidate,题:139,1
题/LeetCode-141-环形链表.md,题,md,1713,单题资料,单题资料,141,[141],环形链表,false,待建：题目/<主题型>/141-<English-Title>.md,改写后迁移,P0-独有题,当前库缺失该题，可进入候选批次，但必须先补官方事实、本地示例、权威 Java 与校验。,candidate,题:141,1
题/LeetCode-142-环形链表II.md,题,md,2083,单题资料,单题资料,142,[142],环形链表II,false,待建：题目/<主题型>/142-<English-Title>.md,改写后迁移,P0-独有题,当前库缺失该题，可进入候选批次，但必须先补官方事实、本地示例、权威 Java 与校验。,candidate,题:142,1
题/LeetCode-146-LRU缓存.md,题,md,2829,单题资料,单题资料,146,[146],LRU缓存,true,题目/设计/146-LRU-Cache.md,仅作素材,P3-旧题素材,当前库已有完整标准题解，旧文档降为推导、错因和表达素材。,candidate,题:146,1
题/LeetCode-148-排序链表.md,题,md,3228,单题资料,单题资料,148,[148],排序链表,false,待建：题目/<主题型>/148-<English-Title>.md,改写后迁移,P0-独有题,当前库缺失该题，可进入候选批次，但必须先补官方事实、本地示例、权威 Java 与校验。,candidate,题:148,1
题/LeetCode-15-三数之和.md,题,md,2244,单题资料,单题资料,15,[15],三数之和,true,题目/双指针/15-Three-Sum.md,仅作素材,P3-旧题素材,当前库已有完整标准题解，旧文档降为推导、错因和表达素材。,candidate,题:15,1
题/LeetCode-152-乘积最大子数组.md,题,md,1319,单题资料,单题资料,152,[152],乘积最大子数组,false,待建：题目/<主题型>/152-<English-Title>.md,改写后迁移,P0-独有题,当前库缺失该题，可进入候选批次，但必须先补官方事实、本地示例、权威 Java 与校验。,candidate,题:152,3
题/LeetCode-155-最小栈.md,题,md,1792,单题资料,单题资料,155,[155],最小栈,true,题目/栈/155-Min-Stack.md,仅作素材,P3-旧题素材,当前库已有完整标准题解，旧文档降为推导、错因和表达素材。,candidate,题:155,3
题/LeetCode-160-相交链表.md,题,md,2026,单题资料,单题资料,160,[160],相交链表,false,待建：题目/<主题型>/160-<English-Title>.md,改写后迁移,P0-独有题,当前库缺失该题，可进入候选批次，但必须先补官方事实、本地示例、权威 Java 与校验。,candidate,题:160,1
题/LeetCode-169-多数元素.md,题,md,1648,单题资料,单题资料,169,[169],多数元素,true,题目/数组与哈希/169-Majority-Element.md,仅作素材,P3-旧题素材,当前库已有完整标准题解，旧文档降为推导、错因和表达素材。,candidate,题:169,1
题/LeetCode-17-电话号码的字母组合.md,题,md,2735,单题资料,单题资料,17,[17],电话号码的字母组合,false,待建：题目/<主题型>/17-<English-Title>.md,改写后迁移,P0-独有题,当前库缺失该题，可进入候选批次，但必须先补官方事实、本地示例、权威 Java 与校验。,candidate,题:17,5
题/LeetCode-19-删除链表的倒数第N个结点.md,题,md,2582,单题资料,单题资料,19,[19],删除链表的倒数第N个结点,false,待建：题目/<主题型>/19-<English-Title>.md,改写后迁移,P0-独有题,当前库缺失该题，可进入候选批次，但必须先补官方事实、本地示例、权威 Java 与校验。,candidate,题:19,1
题/LeetCode-198-打家劫舍.md,题,md,1093,单题资料,单题资料,198,[198],打家劫舍,false,待建：题目/<主题型>/198-<English-Title>.md,改写后迁移,P0-独有题,当前库缺失该题，可进入候选批次，但必须先补官方事实、本地示例、权威 Java 与校验。,candidate,题:198,1
题/LeetCode-2-两数相加.md,题,md,3065,单题资料,单题资料,2,[2],两数相加,true,题目/链表/2-Add-Two-Numbers.md,仅作素材,P3-旧题素材,当前库已有完整标准题解，旧文档降为推导、错因和表达素材。,candidate,题:2,1
题/LeetCode-20-有效的括号.md,题,md,1961,单题资料,单题资料,20,[20],有效的括号,true,题目/栈/20-Valid-Parentheses.md,仅作素材,P3-旧题素材,当前库已有完整标准题解，旧文档降为推导、错因和表达素材。,candidate,题:20,3
题/LeetCode-200-岛屿数量.md,题,md,2443,单题资料,单题资料,200,[200],岛屿数量,true,题目/图与搜索/200-Number-of-Islands.md,仅作素材,P3-旧题素材,当前库已有完整标准题解，旧文档降为推导、错因和表达素材。,candidate,题:200,7
题/LeetCode-206-反转链表.md,题,md,1601,单题资料,单题资料,206,[206],反转链表,true,题目/链表/206-Reverse-Linked-List.md,仅作素材,P3-旧题素材,当前库已有完整标准题解，旧文档降为推导、错因和表达素材。,candidate,题:206,1
题/LeetCode-207-课程表.md,题,md,3713,单题资料,单题资料,207,[207],课程表,true,题目/图与搜索/207-Course-Schedule.md,仅作素材,P3-旧题素材,当前库已有完整标准题解，旧文档降为推导、错因和表达素材。,candidate,题:207,9
题/LeetCode-208-实现Trie(前缀树).md,题,md,1705,单题资料,单题资料,208,[208],实现Trie(前缀树),false,待建：题目/<主题型>/208-<English-Title>.md,改写后迁移,P0-独有题,当前库缺失该题，可进入候选批次，但必须先补官方事实、本地示例、权威 Java 与校验。,candidate,题:208,1
题/LeetCode-21-合并两个有序链表.md,题,md,1960,单题资料,单题资料,21,[21],合并两个有序链表,true,题目/链表/21-Merge-Two-Sorted-Lists.md,仅作素材,P3-旧题素材,当前库已有完整标准题解，旧文档降为推导、错因和表达素材。,candidate,题:21,1
题/LeetCode-215-数组中的第K个最大元素.md,题,md,2745,单题资料,单题资料,215,[215],符合人类逻辑的解题思路,true,题目/堆与选择/215-Kth-Largest-Element-in-an-Array.md,仅作素材,P3-旧题素材,当前库已有完整标准题解，旧文档降为推导、错因和表达素材。,candidate,题:215,13
题/LeetCode-22-括号生成.md,题,md,1658,单题资料,单题资料,22,[22],括号生成,false,待建：题目/<主题型>/22-<English-Title>.md,改写后迁移,P0-独有题,当前库缺失该题，可进入候选批次，但必须先补官方事实、本地示例、权威 Java 与校验。,candidate,题:22,5
题/LeetCode-221-最大正方形.md,题,md,1390,单题资料,单题资料,221,[221],最大正方形,false,待建：题目/<主题型>/221-<English-Title>.md,改写后迁移,P0-独有题,当前库缺失该题，可进入候选批次，但必须先补官方事实、本地示例、权威 Java 与校验。,candidate,题:221,1
题/LeetCode-226-翻转二叉树.md,题,md,1515,单题资料,单题资料,226,[226],翻转二叉树,true,题目/二叉树/226-Invert-Binary-Tree.md,仅作素材,P3-旧题素材,当前库已有完整标准题解，旧文档降为推导、错因和表达素材。,candidate,题:226,1
题/LeetCode-23-合并K个升序链表.md,题,md,2458,单题资料,单题资料,23,[23],合并K个升序链表,true,题目/堆与选择/23-Merge-k-Sorted-Lists.md,仅作素材,P3-旧题素材,当前库已有完整标准题解，旧文档降为推导、错因和表达素材。,candidate,题:23,1
题/LeetCode-234-回文链表.md,题,md,2124,单题资料,单题资料,234,[234],回文链表,false,待建：题目/<主题型>/234-<English-Title>.md,改写后迁移,P0-独有题,当前库缺失该题，可进入候选批次，但必须先补官方事实、本地示例、权威 Java 与校验。,candidate,题:234,2
题/LeetCode-236-二叉树的最近公共祖先.md,题,md,2263,单题资料,单题资料,236,[236],二叉树的最近公共祖先,true,题目/二叉树/236-Lowest-Common-Ancestor-of-a-Binary-Tree.md,仅作素材,P3-旧题素材,当前库已有完整标准题解，旧文档降为推导、错因和表达素材。,candidate,题:236,1
题/LeetCode-238-除自身以外数组的乘积.md,题,md,1920,单题资料,单题资料,238,[238],除自身以外数组的乘积,true,题目/数组与哈希/238-Product-of-Array-Except-Self.md,仅作素材,P3-旧题素材,当前库已有完整标准题解，旧文档降为推导、错因和表达素材。,candidate,题:238,1
题/LeetCode-239-滑动窗口最大值.md,题,md,2271,单题资料,单题资料,239,[239],滑动窗口最大值,true,题目/单调结构/239-Sliding-Window-Maximum.md,仅作素材,P3-旧题素材,当前库已有完整标准题解，旧文档降为推导、错因和表达素材。,candidate,题:239,1
题/LeetCode-240-搜索二维矩阵 II.md,题,md,1155,单题资料,单题资料,240,[240],搜索二维矩阵 II,false,待建：题目/<主题型>/240-<English-Title>.md,改写后迁移,P0-独有题,当前库缺失该题，可进入候选批次，但必须先补官方事实、本地示例、权威 Java 与校验。,candidate,题:240,1
题/LeetCode-279-完全平方数.md,题,md,1180,单题资料,单题资料,279,[279],完全平方数,false,待建：题目/<主题型>/279-<English-Title>.md,改写后迁移,P0-独有题,当前库缺失该题，可进入候选批次，但必须先补官方事实、本地示例、权威 Java 与校验。,candidate,题:279,1
题/LeetCode-283-移动零.md,题,md,1953,单题资料,单题资料,283,[283],移动零,false,待建：题目/<主题型>/283-<English-Title>.md,改写后迁移,P0-独有题,当前库缺失该题，可进入候选批次，但必须先补官方事实、本地示例、权威 Java 与校验。,candidate,题:283,1
题/LeetCode-287-寻找重复数.md,题,md,1265,单题资料,单题资料,287,[287],寻找重复数,true,题目/数组与哈希/287-Find-the-Duplicate-Number.md,仅作素材,P3-旧题素材,当前库已有完整标准题解，旧文档降为推导、错因和表达素材。,candidate,题:287,1
题/LeetCode-297-二叉树的序列化与反序列化.md,题,md,3052,单题资料,单题资料,297,[297],二叉树的序列化与反序列化,false,待建：题目/<主题型>/297-<English-Title>.md,改写后迁移,P0-独有题,当前库缺失该题，可进入候选批次，但必须先补官方事实、本地示例、权威 Java 与校验。,candidate,题:297,1
题/LeetCode-3-无重复字符的最长子串.md,题,md,2088,单题资料,单题资料,3,[3],无重复字符的最长子串,true,题目/滑动窗口/3-Longest-Substring-Without-Repeating-Characters.md,仅作素材,P3-旧题素材,当前库已有完整标准题解，旧文档降为推导、错因和表达素材。,candidate,题:3,3
题/LeetCode-300-最长递增子序列.md,题,md,1213,单题资料,单题资料,300,[300],最长递增子序列,true,题目/动态规划/300-Longest-Increasing-Subsequence.md,仅作素材,P3-旧题素材,当前库已有完整标准题解，旧文档降为推导、错因和表达素材。,candidate,题:300,1
题/LeetCode-301-删除无效括号.md,题,md,4739,单题资料,单题资料,301,[301],删除无效括号,true,题目/回溯/301-Remove-Invalid-Parentheses.md,仅作素材,P3-旧题素材,当前库已有完整标准题解，旧文档降为推导、错因和表达素材。,candidate,题:301,2
题/LeetCode-301-删除无效的括号.md,题,md,4444,单题资料,单题资料,301,[301],删除无效括号,true,题目/回溯/301-Remove-Invalid-Parentheses.md,仅作素材,P3-旧题素材,当前库已有完整标准题解，旧文档降为推导、错因和表达素材。,candidate,题:301,2
题/LeetCode-309-最佳买卖股票时机含冷冻期.md,题,md,1349,单题资料,单题资料,309,[309],最佳买卖股票时机含冷冻期,false,待建：题目/<主题型>/309-<English-Title>.md,改写后迁移,P0-独有题,当前库缺失该题，可进入候选批次，但必须先补官方事实、本地示例、权威 Java 与校验。,candidate,题:309,1
题/LeetCode-31-下一个排列.md,题,md,2651,单题资料,单题资料,31,[31],下一个排列,false,待建：题目/<主题型>/31-<English-Title>.md,改写后迁移,P0-独有题,当前库缺失该题，可进入候选批次，但必须先补官方事实、本地示例、权威 Java 与校验。,candidate,题:31,5
题/LeetCode-312-戳气球.md,题,md,1499,单题资料,单题资料,312,[312],戳气球,false,待建：题目/<主题型>/312-<English-Title>.md,改写后迁移,P0-独有题,当前库缺失该题，可进入候选批次，但必须先补官方事实、本地示例、权威 Java 与校验。,candidate,题:312,1
题/LeetCode-32-最长有效括号.md,题,md,2838,单题资料,单题资料,32,[32],最长有效括号,true,题目/栈/32-Longest-Valid-Parentheses.md,仅作素材,P3-旧题素材,当前库已有完整标准题解，旧文档降为推导、错因和表达素材。,candidate,题:32,6
题/LeetCode-322-零钱兑换.md,题,md,1307,单题资料,单题资料,322,[322],零钱兑换,true,题目/动态规划/322-Coin-Change.md,仅作素材,P3-旧题素材,当前库已有完整标准题解，旧文档降为推导、错因和表达素材。,candidate,题:322,1
题/LeetCode-33-搜索旋转排序数组.md,题,md,2877,单题资料,单题资料,33,[33],搜索旋转排序数组,true,题目/二分查找/33-Search-in-Rotated-Sorted-Array.md,仅作素材,P3-旧题素材,当前库已有完整标准题解，旧文档降为推导、错因和表达素材。,candidate,题:33,1
题/LeetCode-337-打家劫舍III.md,题,md,1968,单题资料,单题资料,337,[337],打家劫舍III,false,待建：题目/<主题型>/337-<English-Title>.md,改写后迁移,P0-独有题,当前库缺失该题，可进入候选批次，但必须先补官方事实、本地示例、权威 Java 与校验。,candidate,题:337,1
题/LeetCode-338-比特位计数.md,题,md,903,单题资料,单题资料,338,[338],比特位计数,false,待建：题目/<主题型>/338-<English-Title>.md,改写后迁移,P0-独有题,当前库缺失该题，可进入候选批次，但必须先补官方事实、本地示例、权威 Java 与校验。,candidate,题:338,1
题/LeetCode-34-在排序数组中查找元素的第一个和最后一个位置.md,题,md,2469,单题资料,单题资料,34,[34],在排序数组中查找元素的第一个和最后一个位置,true,题目/二分查找/34-Find-First-and-Last-Position-of-Element-in-Sorted-Array.md,仅作素材,P3-旧题素材,当前库已有完整标准题解，旧文档降为推导、错因和表达素材。,candidate,题:34,1
题/LeetCode-347-前K个高频元素.md,题,md,2786,单题资料,单题资料,347,[347],前K个高频元素,true,题目/堆与选择/347-Top-K-Frequent-Elements.md,仅作素材,P3-旧题素材,当前库已有完整标准题解，旧文档降为推导、错因和表达素材。,candidate,题:347,1
题/LeetCode-39-组合总和.md,题,md,1891,单题资料,单题资料,39,[39],组合总和,false,待建：题目/<主题型>/39-<English-Title>.md,改写后迁移,P0-独有题,当前库缺失该题，可进入候选批次，但必须先补官方事实、本地示例、权威 Java 与校验。,candidate,题:39,5
题/LeetCode-394-字符串解码.md,题,md,2345,单题资料,单题资料,394,[394],字符串解码,true,题目/栈/394-Decode-String.md,仅作素材,P3-旧题素材,当前库已有完整标准题解，旧文档降为推导、错因和表达素材。,candidate,题:394,5
题/LeetCode-399-除法求值.md,题,md,2414,单题资料,单题资料,399,[399],除法求值,false,待建：题目/<主题型>/399-<English-Title>.md,改写后迁移,P0-独有题,当前库缺失该题，可进入候选批次，但必须先补官方事实、本地示例、权威 Java 与校验。,candidate,题:399,3
题/LeetCode-4-寻找两个正序数组的中位数.md,题,md,3522,单题资料,单题资料,4,[4],寻找两个正序数组的中位数,true,题目/二分查找/4-Median-of-Two-Sorted-Arrays.md,仅作素材,P3-旧题素材,当前库已有完整标准题解，旧文档降为推导、错因和表达素材。,candidate,题:4,1
题/LeetCode-406-根据身高重建队列.md,题,md,1509,单题资料,单题资料,406,[406],根据身高重建队列,false,待建：题目/<主题型>/406-<English-Title>.md,改写后迁移,P0-独有题,当前库缺失该题，可进入候选批次，但必须先补官方事实、本地示例、权威 Java 与校验。,candidate,题:406,1
题/LeetCode-416-分割等和子集.md,题,md,1282,单题资料,单题资料,416,[416],分割等和子集,false,待建：题目/<主题型>/416-<English-Title>.md,改写后迁移,P0-独有题,当前库缺失该题，可进入候选批次，但必须先补官方事实、本地示例、权威 Java 与校验。,candidate,题:416,1
题/LeetCode-42-接雨水.md,题,md,2456,单题资料,单题资料,42,[42],接雨水,true,题目/双指针/42-Trapping-Rain-Water.md,仅作素材,P3-旧题素材,当前库已有完整标准题解，旧文档降为推导、错因和表达素材。,candidate,题:42,5
题/LeetCode-437-路径总和III.md,题,md,2136,单题资料,单题资料,437,[437],路径总和III,false,待建：题目/<主题型>/437-<English-Title>.md,改写后迁移,P0-独有题,当前库缺失该题，可进入候选批次，但必须先补官方事实、本地示例、权威 Java 与校验。,candidate,题:437,1
题/LeetCode-438-找到字符串中所有字母异位词.md,题,md,2970,单题资料,单题资料,438,[438],找到字符串中所有字母异位词,false,待建：题目/<主题型>/438-<English-Title>.md,改写后迁移,P0-独有题,当前库缺失该题，可进入候选批次，但必须先补官方事实、本地示例、权威 Java 与校验。,candidate,题:438,1
题/LeetCode-448-找到所有数组中消失的数字.md,题,md,1872,单题资料,单题资料,448,[448],找到所有数组中消失的数字,false,待建：题目/<主题型>/448-<English-Title>.md,改写后迁移,P0-独有题,当前库缺失该题，可进入候选批次，但必须先补官方事实、本地示例、权威 Java 与校验。,candidate,题:448,1
题/LeetCode-46-全排列.md,题,md,2178,单题资料,单题资料,46,[46],全排列,true,题目/回溯/46-Permutations.md,仅作素材,P3-旧题素材,当前库已有完整标准题解，旧文档降为推导、错因和表达素材。,candidate,题:46,5
题/LeetCode-461-汉明距离.md,题,md,847,单题资料,单题资料,461,[461],汉明距离,false,待建：题目/<主题型>/461-<English-Title>.md,改写后迁移,P1-独有题,当前库缺失该题，可进入候选批次，但必须先补官方事实、本地示例、权威 Java 与校验。,candidate,题:461,1
题/LeetCode-48-旋转图像.md,题,md,1466,单题资料,单题资料,48,[48],旋转图像,true,题目/矩阵与模拟/48-Rotate-Image.md,仅作素材,P3-旧题素材,当前库已有完整标准题解，旧文档降为推导、错因和表达素材。,candidate,题:48,1
题/LeetCode-49-字母异位词分组.md,题,md,1935,单题资料,单题资料,49,[49],字母异位词分组,true,题目/数组与哈希/49-Group-Anagrams.md,仅作素材,P3-旧题素材,当前库已有完整标准题解，旧文档降为推导、错因和表达素材。,candidate,题:49,3
题/LeetCode-494-目标和.md,题,md,3775,单题资料,单题资料,494,[494],目标和,false,待建：题目/<主题型>/494-<English-Title>.md,改写后迁移,P0-独有题,当前库缺失该题，可进入候选批次，但必须先补官方事实、本地示例、权威 Java 与校验。,candidate,题:494,5
题/LeetCode-5-最长回文子串.md,题,md,2298,单题资料,单题资料,5,[5],最长回文子串,true,题目/字符串/5-Longest-Palindromic-Substring.md,仅作素材,P3-旧题素材,当前库已有完整标准题解，旧文档降为推导、错因和表达素材。,candidate,题:5,3
题/LeetCode-53-最大子数组和.md,题,md,1973,单题资料,单题资料,53,[53],最大子数组和,true,题目/动态规划/53-Maximum-Subarray.md,仅作素材,P3-旧题素材,当前库已有完整标准题解，旧文档降为推导、错因和表达素材。,candidate,题:53,3
题/LeetCode-538-把二叉搜索树转换为累加树.md,题,md,1597,单题资料,单题资料,538,[538],把二叉搜索树转换为累加树,false,待建：题目/<主题型>/538-<English-Title>.md,改写后迁移,P0-独有题,当前库缺失该题，可进入候选批次，但必须先补官方事实、本地示例、权威 Java 与校验。,candidate,题:538,1
题/LeetCode-543-二叉树的直径.md,题,md,1699,单题资料,单题资料,543,[543],二叉树的直径,false,待建：题目/<主题型>/543-<English-Title>.md,改写后迁移,P0-独有题,当前库缺失该题，可进入候选批次，但必须先补官方事实、本地示例、权威 Java 与校验。,candidate,题:543,1
题/LeetCode-55-跳跃游戏.md,题,md,1740,单题资料,单题资料,55,[55],跳跃游戏,true,题目/贪心/55-Jump-Game.md,仅作素材,P3-旧题素材,当前库已有完整标准题解，旧文档降为推导、错因和表达素材。,candidate,题:55,1
题/LeetCode-56-合并区间.md,题,md,1644,单题资料,单题资料,56,[56],合并区间,true,题目/排序/56-Merge-Intervals.md,仅作素材,P3-旧题素材,当前库已有完整标准题解，旧文档降为推导、错因和表达素材。,candidate,题:56,1
题/LeetCode-560-和为K的子数组.md,题,md,1494,单题资料,单题资料,560,[560],和为K的子数组,true,题目/数组与哈希/560-Subarray-Sum-Equals-K.md,仅作素材,P3-旧题素材,当前库已有完整标准题解，旧文档降为推导、错因和表达素材。,candidate,题:560,1
题/LeetCode-581-最短无序连续子数组.md,题,md,2912,单题资料,单题资料,581,[581],最短无序连续子数组,false,待建：题目/<主题型>/581-<English-Title>.md,改写后迁移,P0-独有题,当前库缺失该题，可进入候选批次，但必须先补官方事实、本地示例、权威 Java 与校验。,candidate,题:581,1
题/LeetCode-617-合并二叉树.md,题,md,1931,单题资料,单题资料,617,[617],合并二叉树,false,待建：题目/<主题型>/617-<English-Title>.md,改写后迁移,P0-独有题,当前库缺失该题，可进入候选批次，但必须先补官方事实、本地示例、权威 Java 与校验。,candidate,题:617,1
题/LeetCode-62-不同路径.md,题,md,1535,单题资料,单题资料,62,[62],不同路径,true,题目/动态规划/62-Unique-Paths.md,仅作素材,P3-旧题素材,当前库已有完整标准题解，旧文档降为推导、错因和表达素材。,candidate,题:62,3
题/LeetCode-621-任务调度器.md,题,md,2318,单题资料,单题资料,621,[621],任务调度器,false,待建：题目/<主题型>/621-<English-Title>.md,改写后迁移,P0-独有题,当前库缺失该题，可进入候选批次，但必须先补官方事实、本地示例、权威 Java 与校验。,candidate,题:621,2
题/LeetCode-64-最小路径和.md,题,md,1904,单题资料,单题资料,64,[64],最小路径和,false,待建：题目/<主题型>/64-<English-Title>.md,改写后迁移,P0-独有题,当前库缺失该题，可进入候选批次，但必须先补官方事实、本地示例、权威 Java 与校验。,candidate,题:64,3
题/LeetCode-647-回文子串.md,题,md,1774,单题资料,单题资料,647,[647],回文子串,false,待建：题目/<主题型>/647-<English-Title>.md,改写后迁移,P0-独有题,当前库缺失该题，可进入候选批次，但必须先补官方事实、本地示例、权威 Java 与校验。,candidate,题:647,3
题/LeetCode-70-爬楼梯.md,题,md,1771,单题资料,单题资料,70,[70],爬楼梯,true,题目/动态规划/70-Climbing-Stairs.md,仅作素材,P3-旧题素材,当前库已有完整标准题解，旧文档降为推导、错因和表达素材。,candidate,题:70,3
题/LeetCode-72-编辑距离.md,题,md,2378,单题资料,单题资料,72,[72],编辑距离,true,题目/动态规划/72-Edit-Distance.md,仅作素材,P3-旧题素材,当前库已有完整标准题解，旧文档降为推导、错因和表达素材。,candidate,题:72,3
题/LeetCode-739-每日温度.md,题,md,1863,单题资料,单题资料,739,[739],每日温度,true,题目/单调结构/739-Daily-Temperatures.md,仅作素材,P3-旧题素材,当前库已有完整标准题解，旧文档降为推导、错因和表达素材。,candidate,题:739,5
题/LeetCode-75-颜色分类.md,题,md,2038,单题资料,单题资料,75,[75],颜色分类,true,题目/排序/75-Sort-Colors.md,仅作素材,P3-旧题素材,当前库已有完整标准题解，旧文档降为推导、错因和表达素材。,candidate,题:75,1
题/LeetCode-76-最小覆盖子串.md,题,md,3121,单题资料,单题资料,76,[76],最小覆盖子串,true,题目/滑动窗口/76-Minimum-Window-Substring.md,仅作素材,P3-旧题素材,当前库已有完整标准题解，旧文档降为推导、错因和表达素材。,candidate,题:76,3
题/LeetCode-78-子集.md,题,md,1825,单题资料,单题资料,78,[78],子集,true,题目/回溯/78-Subsets.md,仅作素材,P3-旧题素材,当前库已有完整标准题解，旧文档降为推导、错因和表达素材。,candidate,题:78,3
题/LeetCode-79-单词搜索.md,题,md,1963,单题资料,单题资料,79,[79],单词搜索,true,题目/回溯/79-Word-Search.md,仅作素材,P3-旧题素材,当前库已有完整标准题解，旧文档降为推导、错因和表达素材。,candidate,题:79,5
题/LeetCode-84-柱状图中最大的矩形.md,题,md,2399,单题资料,单题资料,84,[84],柱状图中最大的矩形,true,题目/单调栈/84-Largest-Rectangle-in-Histogram.md,仅作素材,P3-旧题素材,当前库已有完整标准题解，旧文档降为推导、错因和表达素材。,candidate,题:84,4
题/LeetCode-85-最大矩形.md,题,md,2700,单题资料,单题资料,85,[85],最大矩形,false,待建：题目/<主题型>/85-<English-Title>.md,改写后迁移,P0-独有题,当前库缺失该题，可进入候选批次，但必须先补官方事实、本地示例、权威 Java 与校验。,candidate,题:85,10
题/LeetCode-94-二叉树的中序遍历.md,题,md,1854,单题资料,单题资料,94,[94],二叉树的中序遍历,true,题目/二叉树/94-Binary-Tree-Inorder-Traversal.md,仅作素材,P3-旧题素材,当前库已有完整标准题解，旧文档降为推导、错因和表达素材。,candidate,题:94,2
题/LeetCode-96-不同的二叉搜索树.md,题,md,1744,单题资料,单题资料,96,[96],不同的二叉搜索树解题思路,false,待建：题目/<主题型>/96-<English-Title>.md,改写后迁移,P0-独有题,当前库缺失该题，可进入候选批次，但必须先补官方事实、本地示例、权威 Java 与校验。,candidate,题:96,2
题/LeetCode-98-验证二叉搜索树.md,题,md,1891,单题资料,单题资料,98,[98],验证二叉搜索树,true,题目/二叉树/98-Validate-Binary-Search-Tree.md,仅作素材,P3-旧题素材,当前库已有完整标准题解，旧文档降为推导、错因和表达素材。,candidate,题:98,1
题/LeetCode热题100-同步报告.md,题,md,1354,单题资料,其他资料,,[],,false,待人工定位,仅作素材,P3-素材,与当前规范存在职责重叠或质量不稳定，保留为检索素材，不直接进入稳定层。,candidate,主题:leetcode热题100同步报告,1
题/LeetCode热题100-总索引.md,题,md,7324,单题资料,导航索引,,"[1, 2, 3, 4, 5, 10, 11, 15, 17, 19, 20, 21, 22, 23, 31, 32, 33, 34, 39, 42, 46, 48, 49, 53, 55, 56, 62, 64, 70, 72, 75, 76, 78, 79, 84, 85, 94, 96, 98, 101, 102, 104, 105, 114, 121, 124, 128, 136, 139, 141, 142, 146, 148, 152, 155, 160, 169, 198, 200, 206, 207, 208, 215, 221, 226, 234, 236, 238, 239, 240, 279, 283, 287, 297, 300, 301, 309, 312, 322, 337, 338, 347, 394, 399, 406, 416, 437, 438, 448, 461, 494, 538, 543, 560, 581, 617, 621, 647, 739]",,false,待人工定位,归档,P4-归档,仅承担旧库导航或批量索引职责，稳定导航应由当前库 README、学习看板自动替代。,candidate,主题:单题资料:题:leetcode热题100总索引,1
题/导航.md,题,md,111,单题资料,导航索引,,[],,false,待人工定位,归档,P4-归档,仅承担旧库导航或批量索引职责，稳定导航应由当前库 README、学习看板自动替代。,candidate,主题:单题资料:题:导航,1
